split,seed,iteration,stagnation,reasoning,mechanism,n_raw,escaped
0,0,10,5,"The search has converged on Al-Cr-Fe-Ni-based FCC/BCC dual-phase alloys with Mo and Ti additions, achieving a ceiling around 744 HV. New regions to explore include: (1) refractory-element-rich composi","Combined solid-solution strengthening (atomic size mismatch from W/Re/Ta/Nb), precipitation hardening via B2 or Laves phases (Hf/Zr/Si), and interstitial/carbide/boride hardening (B, C additions) — all distinct from the Al-Cr-based BCC ordering that has been exhausted.",12,False
0,0,13,8,"The search has converged on Al-Cr-Fe-Ni-based FCC/BCC systems with moderate Mo/Ti additions, which appear to have plateaued near 744 HV. The unexplored territory lies in refractory-element-rich compos","Primary: solid-solution hardening via large atomic size mismatch (W, Ta, Nb, Hf) combined with BCC phase stabilization (Al, Mo) and intermetallic/Laves-phase precipitation (Al2Nb, Fe2Nb, Cr2Ta); secondary: boron/carbon grain-boundary and precipitation hardening",12,False
0,0,16,11,"The search has over-explored Al-Cr-Fe-Ni-Co-Mo space (FCC/BCC solid solutions) and is stuck near HV~720-744. To escape, we should target refractory HEA systems rich in W, Ta, Nb, Mo, and Ti which form","Refractory BCC solid-solution strengthening via large atomic size mismatch (W, Ta, Hf, Nb, Mo, Zr) combined with precipitation hardening from intermetallic/boride/silicide phases, expected to yield HV well above 800.",12,False
0,0,19,14,"The search has converged around Al-Cr-Fe-Ni-Ti-Mo combinations yielding ~720-744 HV, exhausting the FCC/BCC solid-solution space of common transition metals. To escape this basin, we should pivot to r","Primarily lattice-distortion solid-solution hardening from large atomic-size-mismatch refractory elements (W, Ta, Re, Nb), supplemented by precipitation of hard B2 (AlNi-type) and Laves-phase intermetallics that pin dislocations in as-cast microstructures.",12,False
0,0,22,17,"The search has heavily explored Al-Co-Cr-Fe-Ni-Mo-Ti FCC/BCC multiprincipal systems and is stuck near HV~744. The top compositions all share a common Al-Cr-Fe-Ni-Ti-Mo motif, and the optimizer is cycl","Primary mechanisms: solid-solution strengthening from large atomic size mismatch in refractory-element-rich systems (W, Mo, Ta, Nb) + intermetallic/Laves phase precipitation; and for Si/B/C-containing alloys, hard particle precipitation hardening via borides, silicides, and carbides dispersed in the matrix.",12,False
0,0,25,20,The search has heavily saturated Al-Cr-Fe-Ni-Co-Mo space (the top compositions all share these elements) and is stuck near 744 HV. The untapped region is intermetallic-forming systems with strong soli,"Multi-mechanism hardening: (1) severe lattice distortion solid-solution hardening from high-mismatch elements (Re, W, Nb, Zr, Ta); (2) L1₂ precipitation hardening from Al-Ni/Al-Ti ordering; (3) intermetallic dispersion hardening from Laves or σ-phase precipitates; (4) interstitial hardening from B or C additions",12,False
0,0,28,23,The search has exhausted Al-Cr-Fe-Ni-Ti-Mo space and adjacent regions; the best HV=744 comes from this cluster with moderate Ti and Mo additions. Stagnation arises because the optimizer keeps sampling,"Combined precipitation hardening (L12 or B2 intermetallic nano-precipitates from Al-Ni/Al-Ti pairs) + severe lattice distortion solid-solution hardening from large-misfit refractory atoms (Hf, Ta, Nb, W, Zr) + possible carbide/boride dispersion in C/B-containing variants",12,False
0,0,31,26,"The search has converged around Al-Cr-Ni-Fe-Ti-Mo combinations yielding ~720-744 HV, exhausting the FCC/BCC multi-principal element space with moderate refractory content. To escape this local optimum","Combined BCC solid-solution strengthening (large atomic size mismatch and high shear modulus from W/Mo/Ta/Re), intermetallic precipitation (B2/L1₂ from Al-Ni-Ti), and grain-boundary/dispersion hardening from Si or C additions",12,False
0,0,34,29,The search has heavily explored Al-Cr-Ni-Fe-Co-based FCC/BCC systems and refractory Mo-Nb-W systems without improvement beyond 744 HV. The top compositions consistently feature Al+Ti+Cr+Ni suggesting ,"Primary: coherent L12/B2 intermetallic precipitation (Ni3Al, Ni3Ti, NiAl) combined with solid-solution misfit hardening from oversized refractory atoms (Ta, Nb, W, Hf); Secondary track: silicide/boride hard-phase dispersion in a Cr-Mo matrix",12,True
0,0,37,2,The search has heavily sampled Al-Co-Cr-Ni-Fe-Ti-Mo space and is converging on ~746 HV without improvement. The best composition (#1) features Ni-Ti-Al-Ta with intermetallic strengthening (L12/B2 prec,"Combined L12/B2 ordered-intermetallic precipitation hardening + solid-solution hardening from high-misfit refractory elements (Ta, W, V, Nb) + potential silicide/boride secondary-phase dispersion hardening",12,True
0,0,40,2,"The search has converged around Ni-Ti-Al-Ta-Cr compositions delivering ~749 HV, with diminishing returns from minor substitutions. The unexplored region of intermetallic-forming refractory-enriched sy","Intermetallic precipitation (B2/L12 phases from Al-Ni/Ti), interstitial hardening via B and Si forming borides/silicides, and lattice-distortion solid-solution hardening from high atomic-size-mismatch refractory elements (Ta, Hf, Zr, W) acting synergistically.",12,False
0,0,43,5,"The search has converged on Ni-Ti-Al-Ta-Cr-based compositions with HV ~749, representing a local optimum around intermetallic-strengthened FCC alloys. The unexplored territory includes refractory-elem","Primary: BCC solid-solution hardening from large atomic-size-mismatch refractory elements (Ta, W, Mo, Nb, V) combined with interstitial/precipitation hardening from B, C, and Si additions forming hard borides, carbides, and silicides in the as-cast microstructure.",12,False
0,0,46,8,"The search has converged around Ni-Ti-Al-Ta-Cr compositions with HV ~749, and incremental substitutions (Hf, Mo, V, W, Si) have not broken through this ceiling. The top compositions share a BCC/B2 int","Solid-solution hardening from severe lattice distortion (large atomic size mismatch among refractory BCC elements Ta, Nb, Zr, Hf, W), supplemented by intermetallic precipitation (Laves/C14 phases from Zr/Hf-rich compositions) and carbide/boride precipitation hardening where B or C are included.",12,False
0,0,49,11,"The search has converged around Ni-Ti-Al-Ta based compositions with HV ~749, and minor variants of this family are no longer improving. The refractory HEA space (Mo-Nb-W-Ta-C) was briefly explored but","Primary mechanisms vary by candidate group: solid-solution strengthening + interstitial hardening (B, C additions to refractory lattices), precipitation/dispersion hardening from in-situ boride/silicide formation, and BCC lattice distortion in high-misfit refractory alloys (Ti-Zr-Hf-Nb-Ta family).",12,False
0,1,8,5,"The search has clustered around Al-Cr-Fe-Ni-Ti-Mo variants and FCC-based Co-Cr-Fe-Ni systems, both near saturation. The best performers share moderate Al and Ti with Mo, suggesting solid-solution and ","Primary mechanisms vary by group: (1) severe lattice distortion and solid-solution hardening in refractory BCC HEAs; (2) intermetallic precipitation (B2, Laves, sigma) hardening in Al-Ti-rich systems with Nb/Ta/W; (3) in-situ boride/carbide precipitate strengthening in B- or C-containing HEAs.",12,False
0,1,11,8,"The search has heavily explored Al-Cr-Fe-Ni-Ti-Mo and Co-Cr-Fe-Ni-Ti families, which are FCC/BCC transitional alloys with moderate solid-solution strengthening. The high-HV compositions all share Ti a",Primary: intermetallic precipitation hardening (Laves/B2/L12 phases) and severe lattice distortion in refractory-element matrices; secondary: grain-boundary strengthening via B/C/Si additions forming hard boride/carbide particles in as-cast microstructures.,12,False
0,1,14,11,"The search has heavily exploited Al-Cr-Fe-Ni-Ti-Mo compositional space and conventional FCC/BCC transition-metal HEAs, which are converging around 720-744 HV. To escape this plateau, we should explore","Primary mechanisms targeted: (1) solid-solution strengthening via severe lattice distortion from large atomic-size-mismatch refractory elements (Hf, Ta, W, Zr combined with lighter elements); (2) intermetallic precipitation hardening from B2/Laves phase formation (Al+Ni+Ti with heavy refractories); (3) carbide/boride nano-precipitate hardening (C or B additions driving dispersoid formation); (4) amorphous-phase or nanocrystalline hardening in high-entropy metallic-glass-forming compositions.",12,True
0,1,17,1,"The search has converged on Al-Cr-based compositions with transition metals, achieving ~757 HV. To escape this local optimum, we should explore refractory HEAs with intermetallic-forming elements (Mo,","Multi-mechanism hardening: solid-solution strengthening from large atomic-size mismatch refractory elements (Mo, W, Ta, Nb, Re), intermetallic precipitation (B2, L12 ordered phases from Al-Ni-Ti, Al-Co), and carbide/boride particle hardening from C and B additions",12,False
0,1,20,4,"The search has converged around Al-Cr-based FCC/BCC multiprincipal alloys and refractory-lean compositions, all yielding HV 600–760. The best result (#1) already contains Al, Cr, Ta, W, Ni, Si suggest","Combination of severe lattice distortion (solid-solution strengthening from size-mismatched refractory elements), ordered intermetallic precipitation (B2/L12 phases from Al-Ni, Al-Co, Ni3(Al,Ti)), and interstitial hardening from B and C additions forming hard borides/carbides",12,False
0,1,23,7,"The search has converged on Al-Cr-Ni-based FCC/BCC dual-phase alloys and refractory-heavy compositions, both yielding diminishing returns. The top compositions share Al+Cr+Ni/Co cores, so the Bayesian","Multi-mechanism: interstitial/solid-solution strengthening (B, Si, C as minor additions), precipitation of hard intermetallic phases (Laves C14/C15, sigma, mu-phase), and lattice-distortion hardening from large atomic-size mismatch elements (Hf, Zr, Ta, Nb) in BCC matrices.",12,False
0,1,26,10,"The search has heavily explored Al-Cr, Al-Co, Co-Ni, and transition-metal refractory bases, all converging near HV~720-757. The best composition (#1) contains Al-Cr-Ta-Ni-W-Si, suggesting that solid-s","Multi-mechanism hardening: B2/L12 ordered-phase precipitation strengthening (Al-Ni, Al-Co intermetallics), boride/carbide particle hardening (B and C additions forming hard TaB2, Cr23C6, Mo2C), solid-solution lattice distortion from large atomic-size-mismatch elements (Ta, W, Hf, Zr in FCC/BCC matrices), and Hall-Petch grain refinement from boron segregation to grain boundaries.",12,False
0,1,29,13,"The search has converged around Al-Cr-Ni-Ta-W and Al-Co-Ni-Ti-W clusters, exhausting those regions. Unexplored territory includes refractory-element-rich compositions with strong solid-solution harden","Precipitation hardening via in-situ intermetallic/boride/carbide formation combined with solid-solution strengthening from large atomic-size-mismatch refractory elements (Mo, W, Ta, Re, Nb)",12,False
0,1,32,16,"The search has heavily explored Al-Cr, Al-Co, Co-Ni, and transition-metal refractory combinations, converging around ~730-757 HV without improvement for 16 iterations. The unexplored territory lies in","Intermetallic precipitation (Laves/μ-phase) + solid-solution lattice distortion from large atomic-size mismatch (Hf, Zr, Ta, Nb) combined with boride/silicide dispersion hardening from B and Si additions",12,False
0,1,35,19,The search has heavily explored Al-Cr-Ni-Co-Ti-based FCC/BCC duplex systems and Al-Cr-Ta-W-Si combinations near the current best. Stagnation suggests the local Gaussian process landscape is flat in th,Primary: lattice distortion solid-solution hardening and BCC phase stability in refractory multi-principal element alloys; secondary: B2 ordered-phase precipitation hardening in Al-rich compositions; tertiary: silicide/carbide nanoscale reinforcement in Si/C-bearing systems.,12,False
0,1,38,22,"The search has heavily explored Al-Cr, Co-Cr, and Al-Co-Ni-Ti systems with moderate refractory additions, consistently plateauing near 750 HV. The top compositions all share similar FCC/BCC dual-phase","Primary mechanisms targeted: (1) intermetallic/silicide precipitation hardening in Si-bearing refractory HEAs, (2) solid-solution hardening via severe lattice distortion in multi-refractory BCC alloys with large atomic-size mismatch, (3) covalent strengthening from in-situ boride/carbide formation in B/C-containing refractory systems.",12,False
0,1,41,25,"The search has heavily explored Al-Cr-base and Co-Ni-base systems, exhausting those regions. The top composition (#1) suggests that refractory elements (Ta, W) combined with Al and Cr provide strong s","Primary: solid-solution strengthening from large atomic-size mismatch in BCC refractory HEAs; Secondary: intermetallic precipitation (B2-AlNi/AlCo, Laves, or silicide phases) providing dispersion hardening in as-cast microstructures.",12,False
0,1,44,28,The search has heavily sampled Al-Cr-Ta-W-Ni-Si and Co-Cr-Fe-Ni-Ti spaces but has neglected refractory-dominant compositions with strong solid-solution and intermetallic strengthening from Mo-W-Ta-Nb ,"Primary mechanisms vary by candidate: (1) L12 γ' (Ni3Al/Ni3Ti) precipitation hardening in Ni-Al-Ti-rich alloys, (2) solid-solution + B2 ordering in Al-rich refractory HEAs, (3) silicide/carbide dispersoid precipitation in Si/C-containing refractory matrices, and (4) spinodal decomposition + lattice distortion in high-misfit refractory alloys.",12,False
0,1,47,31,"The search has converged around Al-Cr-Ta-Ni-W-Si and Al-Ni-Ta-Ti-Cr-Mo clusters, repeatedly sampling similar face-centered/BCC-forming compositions. Two underexplored regions stand out: (1) refractory","Primary mechanisms vary by candidate: interstitial solid-solution and in-situ boride/carbide precipitation hardening (B- and C-containing alloys), BCC solid-solution strengthening with coherent B2/Laves precipitation (Ti-Zr-Nb-Hf-V systems), and sigma/mu phase precipitation in Cr-Mo-Co-Fe-W refractory systems.",12,False
0,1,50,34,"The search has converged around Al-Cr-Ni-Ta-W-Ti combinations achieving ~755-757 HV, with 34 iterations of no improvement. The unexplored high-potential region involves refractory-element-dominant HEA","Primary: solid-solution strengthening from large atomic-size misfit in refractory HEA matrices (Mo, W, Nb, Ta, Re), combined with precipitation hardening via Laves-phase (C14/C15), B2 intermetallic, or carbide/boride nano-precipitates; secondary: lattice distortion hardening from high-valence electron density differentials.",12,False
0,2,10,2,"The search has converged on Al-Co-Cr-Fe-Ni-Ti cantor-like alloys with Mo additions, achieving ~744 HV but stagnating. The unexplored high-hardness territory lies in refractory-element-rich HEAs (W, Ta","Primary mechanisms: (1) severe lattice distortion/solid-solution strengthening from large atomic size mismatch in refractory HEAs; (2) ordered intermetallic precipitation (B2, L12) in Al-Ti-Nb-Ta systems; (3) carbide/boride nanoprecipitate hardening; (4) BCC phase stabilization with high Peierls-Nabarro stress in W/Mo/Ta-rich alloys.",12,False
0,2,13,5,"The search has converged on Al-Cr-Fe-Ni-Ti-Mo variants and is stuck near HV~744. These compositions rely primarily on solid-solution strengthening in FCC/BCC matrices. To escape, we should explore ref","BCC lattice distortion hardening, intermetallic precipitation (Laves/B2/σ phases), and carbide/boride dispersion strengthening in refractory-rich multi-principal-element alloys",12,False
0,2,16,8,"The search has concentrated on Al-Co-Cr-Fe-Ni-Ti-Mo systems with FCC/BCC solid solutions, exhausting the moderate-hardness regime around 700-744 HV. To break through, we should exploit (1) refractory ","Primary mechanisms: (1) severe lattice distortion / solid-solution hardening in refractory BCC HEAs (W, Ta, Mo, Re, Nb with large atomic-size mismatch); (2) B2 (ordered BCC) and Laves-phase precipitation hardening in Al/Nb/Ta/Zr-containing systems; (3) interstitial-like hardening from Si addition promoting silicide nano-precipitates.",12,False
0,2,19,11,"The search has converged around Al-Cr-Fe-Ni-Ti-Mo equiatomic-like space, which appears to plateau near 744 HV. Untapped regions include: (1) refractory HEAs with strong solid-solution hardening from W","Combination of solid-solution misfit hardening (large atomic-size mismatch in refractory systems), precipitation hardening via ordered B2/L12 phases (Al-driven), and interstitial/covalent hardening from B and Si additions",12,False
0,2,22,14,"The search has heavily sampled Al-Co-Cr-Fe-Ni-Ti space and conventional BCC/FCC multiprincipal alloys, achieving a ceiling near 744 HV. Stagnation stems from over-exploration of transition-metal equim","Multi-mechanism hardening combining severe lattice distortion solid-solution strengthening (large δ misfit from refractory elements), ordered intermetallic precipitation (B2, L12, or Laves phases), and interstitial/precipitate hardening from B, Si, or C additions in a BCC/dual-phase matrix.",12,False
0,2,25,17,"The search has heavily sampled Al-Co-Cr-Fe-Ni-Ti space and refractory Mo-Nb-W-Ta-Re regions, both plateauing below 750 HV. The best composition features Al+Cr with intermetallic-forming elements (Ni, ","Multi-mechanism hardening combining B2/L12 intermetallic precipitation (Al-Ni, Al-Ti ordering), solid-solution misfit hardening from large-misfit refractory atoms (Hf, Zr, W, Ta), and interstitial/boride/silicide second-phase precipitation (B, C, Si additions)",12,True
0,2,31,5,"The search has heavily explored Al-Cr-Ni-Fe base systems and refractory Mo-Nb-W systems with diminishing returns. The best result (#1, HV=771) suggests that Si and W additions to an Al-Cr-Ni base are ","Primary mechanisms vary by group: intermetallic/silicide precipitation (Si-containing), carbide precipitation (C+Ta/W/Hf), boride dispersion hardening (B-containing), and L12/B2 ordered phase strengthening (Al-Ni-Cr-Zr/Hf systems).",12,True
0,2,34,2,"The search has converged on Al-Cr-Ni-Si-W-Ta type compositions and is cycling through minor variants. The top compositions rely on solid-solution hardening and L12/B2 intermetallic strengthening, but ","Intermetallic precipitation hardening (B2, Laves, silicide phases), solid-solution strengthening from high-misfit refractory elements, and interstitial hardening from B/C additions",12,False
0,2,37,5,The search has converged around Al-Cr-Ni-Si-W-Ta combinations which are delivering ~770 HV through solid-solution and intermetallic strengthening. Unexplored high-hardness territory includes refractor,"Primary: solid-solution strengthening from large atomic-size mismatch in refractory BCC lattices, supplemented by precipitation of hard Laves/sigma/boride phases and interstitial hardening from B/C additions.",12,False
0,2,40,8,"The search has converged on Al-Cr-Ni-Si-W/Ta variants near composition #1, with diminishing returns from incremental substitutions. The unexplored high-potential region is refractory-element-rich HEAs","Refractory BCC solid-solution hardening combined with in-situ precipitation of hard intermetallic phases (silicides, borides, carbides, Laves phases), plus lattice distortion from large atomic-size mismatch elements",12,False
0,2,43,11,"The search has converged around Al-Cr-Ni-Si-(Ta/W) compositions achieving ~774 HV via solid-solution and intermetallic strengthening, but has not explored boride/carbide-forming systems or high-refrac","Primarily precipitate/intermetallic hardening via in-situ boride (TaB2, CrB, MoB), silicide (Mo5Si3, Cr3Si), and carbide (WC, TaC, NbC) formation during casting, combined with lattice-distortion solid-solution hardening from large atomic-size mismatch elements (Ta, W, Mo, Hf, Zr) in BCC/dual-phase matrices.",12,False
0,2,46,14,"The search has converged around Al-Cr-Ni-Si systems with W/Ta additions, achieving ~774 HV but failing to break through. The optimization has insufficiently explored refractory-element-dominant compos","Combined solid-solution strengthening from large atomic size mismatch (Hf, Zr, Ta, Re), intermetallic precipitation (Al-Ni L12, Al-Co B2), and hard phase (boride/carbide) dispersion hardening",12,False
0,2,49,17,"The search has heavily explored Al-Cr-Ni-Si-Ta-W and related FCC/BCC multiphase regions, converging near HV~774 without improvement for 17 iterations. The optimizer is stuck in a local optimum around ",Primary mechanisms vary by candidate: interstitial solid-solution + boride/carbide precipitation hardening for B/C-containing alloys; solid-solution strengthening with Laves/silicide precipitation for refractory-rich alloys; BCC + B2 dual-phase strengthening for high-Al refractory alloys.,12,False
0,3,6,5,The search has been dominated by Al-Co-Cr-Fe-Ni-Mo variants and hasn't yet explored refractory-element-rich compositions with strong solid-solution and intermetallic strengthening. The top composition,"Solid-solution strengthening and precipitation/intermetallic hardening from BCC-stabilizing refractory additions (W, Ta, Mo) combined with Al-driven B2 ordering, silicide/boride hard-phase precipitation, and lattice-distortion hardening in high-misfit multi-principal alloys.",12,False
0,3,9,8,"The search has been heavily concentrated in the Al-Co-Cr-Fe-Ni-Mo parameter space (FCC/BCC multiprincipal alloys), which appears to have plateaued near HV~750. Refractory HEA systems (W, Ta, Mo, Nb, H","Primarily solid-solution hardening via large atomic size mismatch in BCC refractory lattices, supplemented by intermetallic precipitation (Laves phases, sigma phases, and ordered B2/L21 phases) in compositions with Ta, W, Hf, Zr, and Ti additions",12,False
0,3,12,11,"The search is stagnating around the AlCoCrFeNiMo family with HV~751, having exhausted minor variants. The high-HV frontier likely lies in compositions leveraging refractory element solid-solution hard","Combined solid-solution hardening from refractory elements (W, Ta, Mo, Nb) in BCC matrix + precipitation hardening via Al/Ti-induced L12 or B2 phases + potential hard-phase dispersion from Si/B/C additions",12,False
0,3,15,14,"The search has converged on Al-Co-Cr-Fe-Ni-based alloys with minor Mo/Ti additions, exhausting that compositional neighborhood. To escape stagnation, we should explore refractory-element-rich HEAs (W,","Lattice distortion / solid-solution hardening from refractory elements with large atomic size mismatch (δ > 5%), supplemented by precipitation of hard silicide/boride/carbide phases and interstitial hardening from B, C, Si additions.",12,False
0,3,18,17,"The search has saturated the Al-Co-Cr-Fe-Ni-Mo and related FCC/BCC Cantor-derivative space. The top compositions all share a common Al-Co-Cr-Fe-Ni backbone with minor Mo or Ti additions, suggesting th","Primarily solid-solution strengthening from large atomic-size and modulus mismatch among refractory elements (W, Ta, Mo, Nb, Re), supplemented by in-situ precipitation of hard Laves/μ-phases and intermetallics in as-cast condition, and grain-boundary/interdendritic carbide/boride hardening where C, B, or Si are included.",12,False
0,3,21,20,,,0,False
0,3,24,23,,,0,False
0,3,27,26,,,0,False
0,3,30,29,,,0,False
0,3,33,32,,,0,False
0,3,36,35,,,0,False
0,3,39,38,,,0,False
0,3,42,41,,,0,False
0,3,45,44,,,0,False
0,3,48,47,,,0,False
0,4,9,3,,,0,False
0,4,12,6,,,0,False
0,4,15,9,,,0,False
0,4,18,12,,,0,False
0,4,21,15,,,0,False
0,4,24,18,,,0,False
0,4,27,21,,,0,False
0,4,30,24,,,0,False
0,4,33,27,,,0,False
0,4,36,2,,,0,False
0,4,39,5,,,0,False
0,4,42,8,,,0,False
0,4,45,11,,,0,False
0,4,48,14,,,0,False
0,5,9,3,,,0,False
0,5,12,6,,,0,False
0,5,15,9,,,0,False
0,5,18,12,,,0,False
0,5,21,15,,,0,False
0,5,24,18,,,0,False
0,5,27,21,,,0,False
0,5,30,24,,,0,False
0,5,33,27,,,0,False
0,5,36,30,,,0,False
0,5,39,33,,,0,False
0,5,42,0,,,0,False
0,5,45,3,,,0,False
0,5,48,6,,,0,False
0,6,6,3,,,0,False
0,6,9,6,,,0,False
0,6,12,9,,,0,False
0,6,15,12,,,0,False
0,6,18,15,,,0,False
0,6,21,18,,,0,False
0,6,24,21,,,0,False
0,6,27,24,,,0,False
0,6,30,27,,,0,False
0,6,33,30,,,0,False
0,6,36,33,,,0,False
0,6,39,36,,,0,False
0,6,42,39,,,0,False
0,6,45,42,,,0,False
0,6,48,45,,,0,False
1,0,7,5,"The search has converged on Al-Cr-Fe-Ni-Mo variants where Mo content around 0.17 gives the best result, but incremental tuning of this system is yielding diminishing returns. The top compositions all ",Primary mechanisms vary by group: (1) refractory solid-solution + BCC/B2 ordering hardening (Al-W-Ta-Mo systems); (2) interstitial + precipitation hardening from boride/carbide nano-particles (B- and C-bearing systems); (3) silicide and Laves-phase precipitation hardening (Si-bearing systems).,12,False
1,0,10,8,"The search has converged around Al-Cr-Fe-Ni-Mo compositions with BCC/B2 precipitation strengthening, exhausting that local optimum near HV=764. To escape, we should explore refractory-element-rich HEA","Refractory solid-solution strengthening (large lattice distortion from W/Re/Ta/Mo), intermetallic/hard-phase precipitation (B2, Laves, silicide phases from Si/B addition), and carbide/boride dispersion hardening from Hf/Ta/Nb combinations",12,False
1,0,13,11,"The search has converged around Al-Cr-Fe-Ni-Mo systems with HV ~764, exhausting incremental improvements in that region. The optimization is missing refractory-element-dominated HEAs and boride/carbid",Primary: solid-solution lattice distortion hardening from large atomic size mismatch in refractory-element-rich systems; secondary: intermetallic and silicide/boride precipitation hardening in Si/B-containing compositions; tertiary: spinodal decomposition in Al-rich BCC/B2 dual-phase systems.,12,False
1,0,16,14,"The optimization has converged on the Al-Cr-Fe-Ni-Mo system (~equimolar with ~15-20% Mo) and minor Ta additions, suggesting a local optimum. To escape, we should explore refractory-rich HEAs (RHEA) wi","Primary mechanisms: (1) severe lattice distortion / solid-solution hardening in refractory BCC HEAs (large atomic size misfit of W, Ta, Hf, Re, Mo); (2) B2/L21 ordered-phase precipitation hardening from Al-Ni / Al-Ti interactions in BCC matrix; (3) interstitial-like strengthening and high melting-point phase stabilization via Hf, Zr, and Re additions.",12,False
1,0,19,17,"The search has converged around Al-Cr-Fe-Ni-Mo(-Ta) alloys near equimolar compositions, repeatedly sampling the same FCC/BCC dual-phase space. The top compositions share a common motif of Al+Cr+Fe+Ni ",Primary mechanisms vary by group: (1) severe lattice distortion + solid-solution hardening in refractory BCC alloys; (2) BCC/B2 dual-phase strengthening via Al-driven B2 precipitation in Ti-Zr-Nb-Mo base; (3) intermetallic (Laves/B2) precipitation hardening combined with solid-solution hardening in Al-Ni-Ti-Hf/Zr compositions.,12,False
1,0,22,20,"The search has converged on Al-Cr-Fe-Ni-Mo variants, which dominate the top compositions and represent an exhausted local optimum around HV~764. The loop has not explored intermetallic-forming systems",Primary mechanisms vary by group: L12/B2 ordered-phase precipitation hardening (Ni-Al-Ti-Nb group); solid-solution + silicide/intermetallic hardening (Si-containing group); lattice-distortion solid-solution hardening from atomic size mismatch in refractory-rich systems (Ta-W-Mo-Hf/Zr group); and spinodal/B2 decomposition hardening in Al-rich BCC systems with V and Ta.,12,False
1,0,25,23,"The search has converged on Al-Cr-Fe-Ni-Mo compositions delivering ~764 HV, exhausting incremental variants. The untapped region involves boride/carbide-forming elements (B, C, Si) in combination with","Interstitial solid-solution hardening (B, C, Si), precipitation of hard borides/carbides/silicides, and severe lattice distortion in refractory BCC HEAs driving solid-solution strengthening beyond what FCC Al-Cr-Fe-Ni-Mo can deliver.",12,False
1,0,28,26,The optimization has converged around Al-Cr-Fe-Ni-Mo compositions (~HV 760) and has been exhaustively sampling refractory-heavy and Co-Cr-Fe-Ni base regions without improvement. The search has neglect,"Combined B2/L12 intermetallic precipitation hardening, lattice distortion solid-solution hardening via large atomic size mismatch, and carbide/boride dispersion strengthening in BCC or dual-phase matrices",12,False
1,0,31,29,The search has heavily exploited the Al-Cr-Fe-Ni-Mo region (top 3 compositions all share these elements) and has not systematically explored intermetallic-forming and solid-solution-hardened refractor,"Primary mechanisms: (1) precipitation hardening via ordered intermetallic (L12 or B2) phases stabilized by Al/Ti/Ni ratios plus grain boundary pinning by borides; (2) severe lattice distortion solid-solution strengthening from V, W, and Ta with high atomic size mismatch; (3) combined solid-solution hardening and silicide/carbide nanoprecipitate formation from Si and C additions in a Cr-rich matrix.",12,False
1,0,34,32,The search has converged around Al-Cr-Fe-Ni-Mo compositions (~HV 764) and exhausted refractory-heavy (Mo-Nb-W) and standard FCC/BCC alloy spaces. The top compositions share a common motif of moderate ,"Primary: B2 ordered-phase precipitation hardening (NiAl/FeAl intermetallic) combined with solid-solution strengthening from refractory elements (W, Ta, Nb); secondary: boride/carbide dispersion hardening in Cr-Fe-Mo-B systems",12,False
1,0,37,35,"The search has converged on Al-Cr-Fe-Ni-Mo space with minor variants, which has been extensively explored. The top compositions all rely on solid-solution strengthening in FCC/BCC dual-phase alloys, a","Primary mechanisms: (1) BCC solid-solution strengthening from refractory elements (W, Ta, Mo, Re) with large atomic-size mismatch; (2) intermetallic precipitation (B2, Laves, sigma phases) from Al-Ni, Cr-Nb, or Fe-Zr pairs; (3) carbide/boride dispersion hardening from B or C additions in a refractory matrix",12,False
1,0,40,38,"The optimization has exhausted Al-Cr-Fe-Ni-Mo space and variants thereof. The top compositions cluster around Al+Cr+Fe+Ni with Mo/Ta additions, suggesting the surrogate is stuck in this basin. Untried","Primary mechanisms vary by group: L12/B2 intermetallic precipitation hardening (Al-Ti-Nb-Ta group), severe lattice distortion solid-solution hardening in high-misfit bcc refractory alloys (Mo-W-Ta-Nb-Ti group), and combined solid-solution + boride/carbide precipitation hardening (B/C-containing refractory group).",12,False
1,0,43,41,"The search has heavily saturated the Al-Cr-Fe-Ni-Mo phase space and its immediate variants with W, Ta, and Si additions, consistently returning HV ~700-764. To escape this plateau, we should explore f","Primary mechanisms targeted: (1) ordered intermetallic (B2/L12) precipitation hardening via Al-Ti-Ni/Co interactions, (2) solid-solution + refractory silicide/boride precipitation in Nb-Mo-W-Ta systems, and (3) lattice-distortion solid-solution hardening in equimolar refractory multi-principal-element alloys with large atomic size mismatch.",12,False
1,0,46,44,"The search has converged on Al-Cr-Fe-Ni-Mo compositions around HV~764, exhausting nearby gradient improvements. The top compositions share a common motif of moderate Mo/Ta addition to a FCC/BCC duplex",Primary mechanisms vary by group: solid-solution strengthening via atomic size mismatch and modulus misfit in refractory BCC alloys; precipitation/intermetallic hardening from Laves/sigma phases in Mo-Ta-W-Cr systems; and carbide/boride precipitate dispersion hardening in C- or B-containing matrices.,12,False
1,0,49,47,"The search has converged on Al-Cr-Fe-Ni-Mo space and nearby regions, exhausting incremental improvements around HV~764. The top compositions share a common motif of BCC/B2 ordering in Al-Ni with solid","Multi-mechanism hardening: solid-solution strengthening from large atomic-size-mismatch refractory elements (W, Re, Ta, Mo), B2/L12 ordered-phase precipitation (Al-Ni, Al-Co driving ordering), and Laves/silicide/carbide precipitation hardening (Ta-Si, Mo-Si, Fe-C systems) — each candidate targets a distinct primary mechanism.",12,False
1,1,9,5,"The search has converged on Al-Cr-Fe-Ni-Ti-Mo FCC/BCC dual-phase compositions with moderate hardness (~750 HV). To escape stagnation, we should explore refractory-element-rich compositions with strong","Primary mechanisms targeted: (1) solid-solution hardening from high-misfit refractory elements (W, Ta, Re, Mo) in BCC matrices; (2) precipitation hardening via L12 Al3(Zr,Hf,Ti) or B2/Heusler intermetallics; (3) interstitial hardening and carbide/boride formation with B and Si additions; (4) BCC+sigma or BCC+Laves phase microstructures in transition-metal-rich alloys.",12,False
1,1,12,8,"The search has converged on Al-Cr-Fe-Ni-Ti-Mo variants that all sit in the FCC/BCC dual-phase region around HV 700-750, with diminishing returns from incremental tweaks. To escape this basin, we shoul","Primary mechanisms vary by candidate group: (A) solid-solution and BCC phase hardening via refractory elements (W, Ta, Mo, Nb); (B) intermetallic/ordered-phase precipitation hardening (L12-Ni3Al, B2-NiAl, Laves phases) driven by Al, Ti, Nb, Hf; (C) dispersion hardening via boride, carbide, and silicide formation with B, C, Si additions.",12,False
1,1,15,11,"The search has converged on Al-Cr-Fe-Ni-Ti-Mo compositions around equimolar fractions, a classic FCC/BCC dual-phase region. To escape stagnation, we should explore refractory-element-rich compositions","Multi-mechanism: (1) severe lattice distortion solid-solution strengthening in refractory HEAs, (2) boride/silicide precipitate dispersion hardening, (3) ordered B2/L12 intermetallic precipitation in Al-Ti-Nb systems, (4) BCC phase stabilization via high-valence-electron-count refractory elements",12,False
1,1,18,14,"The search is stuck near Al-Cr-Fe-Ni-Ti-Mo compositions achieving ~750 HV, primarily exploring FCC/BCC multiprincipal alloys with moderate refractory additions. The optimization has not ventured into ","Combined solid-solution strengthening (large atomic size mismatch in refractory lattice), precipitation hardening (hard boride/silicide/carbide phases), and intermetallic ordering in BCC/B2 refractory matrices",12,False
1,1,21,17,"The search has converged around Al-Cr-Fe-Ni-based FCC/BCC multiphasic alloys with moderate refractory additions, which appear to plateau near 750 HV. To escape this local optimum, we should explore (1","Primary mechanisms: (1) BCC solid-solution strengthening via large atomic-size-mismatch refractory elements (W, Ta, Mo, Nb, Hf) producing lattice distortion hardening; (2) precipitation/intermetallic hardening via Si or B additions forming hard silicide/boride phases; (3) Laves/sigma-phase formation in specific Cr-Nb-Mo-W systems contributing to dispersion hardening.",12,False
1,1,24,20,"The search has heavily explored FCC-dominated Al-Cr-Fe-Ni-Co-Ti space and has stagnated near HV~750. The top compositions share a common motif of moderate Al+Cr+Fe+Ni with light refractory additions, ","Primary: BCC solid-solution hardening from high-misfit refractory elements (W, Ta, Mo, Nb) plus secondary precipitation hardening from intermetallic phases (B2, Laves, silicides, borides) triggered by Al, Si, B, Hf, or Zr additions in as-cast microstructures.",12,False
1,1,27,23,"The search has concentrated heavily on Al-Cr-Fe-Ni-Ti-Mo variants and Co-Cr-based alloys, exhausting these regions without breaking past HV=750. The top compositions suggest that multi-principal solid",Primary mechanisms vary by group: (1) severe lattice distortion solid-solution strengthening + BCC phase stability in Hf/Zr-rich refractory HEAs; (2) B2/Heusler precipitation hardening from Al-(Ni/Ti) ordering in Ta-W matrices; (3) interstitial and boride/silicide precipitation hardening in Si/B-doped transition-metal HEAs; all supplemented by solid-solution hardening from large atomic-size and modulus mismatch.,12,False
1,1,30,26,"The optimization has heavily explored FCC-stabilized Al-Cr-Fe-Ni-based and Co-Cr-based regions, which are plateauing near 750 HV. The search has underexplored refractory-HEA compositions with strong s","BCC solid-solution hardening from high atomic-size mismatch refractory elements, combined with coherent B2-ordered precipitate hardening (Al-Ni, Al-Ti driving force) and, in selected compositions, interstitial strengthening from C/B additions forming nano-carbides/borides.",12,False
1,1,33,29,"The search has heavily explored Al-Cr-Fe-Ni-Ti-Mo and Co-Cr-Fe systems, which are now exhausted. The top compositions all share a common FCC/BCC dual-phase or B2-ordered microstructure motif based on ","Primary mechanisms vary by candidate: (a) severe lattice distortion solid-solution hardening from large atomic-size-mismatch refractory elements (W, Ta, Mo, Hf, Zr); (b) B2 + Laves/sigma intermetallic precipitation hardening in Si- or Zr-containing systems; (c) in-situ carbide/boride particle reinforcement in C- or B-bearing matrices; (d) omega/beta-Ti precipitation hardening in Ti-Zr-Nb-Mo systems.",12,False
1,1,36,32,"The search has focused heavily on Al-Cr-Fe-Ni-Ti-Mo variants and conventional FCC/BCC HEAs, exhausting that region. The top compositions suggest that simultaneous solid-solution hardening plus interme","Primary: multi-mechanism hardening combining severe lattice distortion (atomic size mismatch solid-solution strengthening) with in-situ precipitation of ordered intermetallic phases (B2, L12, sigma, or silicides) during solidification, supplemented by valence-electron-concentration tuned BCC/dual-phase microstructures for high intrinsic Peierls stress.",12,False
1,1,39,35,"The search has converged around Al-Cr-Fe-Ni-Ti-Mo compositions yielding ~750 HV via solid-solution and intermetallic strengthening, but has not explored boride/carbide precipitation hardening or refra","Combined BCC lattice-distortion solid-solution hardening (large atomic-size and modulus misfit from W/Ta/Mo/Hf) plus coherent B2/L21 precipitate strengthening from Al-Ni/Ti-Ni ordering, and in select cases Laves-phase or σ-phase precipitation hardening.",12,False
1,1,42,38,The search has heavily explored Al-Cr-Fe-Ni-Ti-Mo space and reached a ceiling near 750 HV via solid-solution and intermetallic strengthening in FCC/BCC dual-phase alloys. The refractory-heavy Mo-W-Ta-,"Precipitation hardening via in-situ carbide/boride or Laves-phase formation, combined with BCC solid-solution strengthening from high-misfit refractory additions (Nb, V, W, Mo) and grain-boundary pinning by dispersed second phases",12,False
1,1,45,41,The search has heavily explored Al-Cr-Fe-Ni-Ti-Mo space (the current optimum) and refractory-metal regions (Mo-W-Ta-Nb) with diminishing returns. The top compositions all share an FCC/BCC dual-phase o,"Intermetallic precipitate and ceramic-phase (boride, silicide, carbide) strengthening combined with solid-solution hardening in BCC/dual-phase matrices; secondary grain-boundary pinning by Zr/Hf/B additions.",12,False
1,1,48,44,"The search has exhausted Al-Cr-Fe-Ni-Ti-Mo space and variants thereof, consistently plateauing near 750 HV. The best compositions rely on solid-solution strengthening and L12/B2 ordered phase precipit","Ordered intermetallic precipitation (B2-NiAl, L12-Co3Ti, Laves/sigma phases) combined with solid-solution lattice distortion from high-misfit refractory additions (Ta, W, Nb) and grain-boundary strengthening via boride/carbide microalloying",12,False
1,2,12,1,"The search has heavily sampled Al-Cr-Fe-Ni-Mo and Co-Cr-Fe-Ni-Ti/Mo spaces. The top compositions all leverage solid-solution strengthening and some B2/L12 ordering, but refractory elements like W, Ta,","Severe lattice distortion solid-solution strengthening from high atomic-size-mismatch refractory elements (W, Ta, Nb, Mo, Zr), combined with precipitation of hard intermetallic/silicide phases and high melting-point contributions to bond strength.",12,False
1,2,15,4,"The search has converged around Al-Cr-Fe-Ni-Mo compositions with moderate Mo content (~10-20%), achieving ~750-764 HV. To escape this local optimum, we should explore refractory-element-rich compositi","Solid-solution strengthening from severe lattice distortion by refractory elements (W, Ta, Re, Nb) with large atomic size mismatch, supplemented by intermetallic B2-phase precipitation (Al-Ni/Al-Fe ordering) and precipitation of refractory carbides/borides in C- and B-containing alloys, yielding high as-cast hardness.",12,False
1,2,18,7,"The search has been heavily concentrated in Al-Cr-Fe-Ni-Mo space and equimolar-like Co-Cr-Fe-Ni-Ti alloys, exhausting those regions. The top compositions suggest that Mo and Ti additions to a BCC-stab","Primarily solid-solution hardening by large atomic-size-mismatch refractory solutes (W, Re, Ta, Mo) in a BCC matrix, supplemented by intermetallic (Laves, B2, L12) precipitation hardening in Al-Ti-Nb and Cr-Nb systems, and carbide/boride dispersion hardening where C or Si is included.",12,False
1,2,21,10,"The search has converged around Al-Cr-Fe-Ni-Mo compositions with moderate Mo/Ti additions, exhausting the FCC/BCC dual-phase region typical of AlCrFeNiMo alloys. To escape this basin, we should explor",Primary mechanisms vary by group: (A) BCC solid-solution strengthening + B2/Laves intermetallic precipitation hardening in Al-Ti-Nb-Ta-W alloys; (B) σ/μ-phase precipitation + solid-solution hardening in Cr-W-Mo-Re alloys; (C) amorphous-assisted short-range ordering + silicide/boride nano-precipitate hardening in Si/B-containing compositions.,12,False
1,2,24,13,"The search has converged around Al-Cr-Fe-Ni-Mo compositions achieving ~764 HV, with most refractory-only and transition-metal clusters yielding 500-620 HV. The unexplored region combines strong solid-","Multi-mechanism hardening: solid-solution strengthening via atomic size mismatch and modulus mismatch (W, Mo, Ta, Re, Nb), precipitation hardening via B2-ordered Al(Ni,Co) or L12 phases, and interstitial hardening from C/B additions forming hard carbide/boride nanoparticles",12,False
1,2,27,16,"The search has converged on Al-Cr-Fe-Ni-Mo variants and exhausted refractory-heavy regions. The top compositions share a common FCC/BCC duplex matrix strengthened by Mo, suggesting we should pivot to ","Primary mechanisms vary by group: precipitation of hard borides/carbides (B,C additions), Laves-phase intermetallic reinforcement (Ta-W-Ni-Co), and silicide precipitation hardening (Si in Fe-Co-Cr matrices), all supplementing solid-solution strengthening from large atomic-size mismatch.",12,False
1,2,30,19,"The search has converged around Al-Cr-Fe-Ni-Mo compositions yielding ~764 HV via solid-solution and intermetallic strengthening. Refractory-heavy systems (Ta, W, Nb, Mo) without Fe/Ni yielded only 500","Primary: precipitation hardening via ordered intermetallic phases (B2, L12) and interstitial/boride/silicide precipitation; Secondary: solid-solution strengthening from atomic size mismatch and electronic interactions in multi-principal element matrices.",12,False
1,2,33,22,"The search has converged on Al-Cr-Fe-Ni-Mo variants (~HV 764) and failed to improve for 22 iterations, suggesting a local optimum. Refractory HEAs with strong solid-solution hardening from W, Ta, Nb, ","Solid-solution hardening from large atomic-size-mismatch refractory elements (W, Ta, Hf, Nb) combined with precipitation of intermetallic phases (B2-NiAl, Laves, μ-phase, silicide) and lattice distortion in BCC-dominant matrices",12,False
1,2,36,25,"The search has converged on Al-Cr-Fe-Ni-Mo compositions with BCC/FCC dual-phase structures near HV=764. Unexplored regions with high hardness potential include: (1) refractory HEAs with W, Ta, Mo, Nb ","Primary mechanisms vary by group: (1) solid-solution strengthening + lattice distortion in multi-principal refractory BCC alloys (W-Ta-Mo-Nb), (2) precipitation hardening via boride/silicide second phases in Al-Cr-Fe-Ni-B and related systems, (3) intermetallic compound formation (Laves phase, B2, L12) in Ti-Al-Nb-Cr systems with Zr or Hf additions.",12,False
1,2,39,28,"The search has converged on Al-Cr-Fe-Ni-Mo variants, exhausting that basin. The top compositions suggest solid-solution hardening and possible B2/sigma phase formation are key, but intermetallic-formi","Combined lattice distortion/solid-solution hardening in refractory HEAs; precipitation hardening via intermetallic (B2, Laves, or carbide) formation in transition-metal matrices",12,False
1,2,42,31,The search has heavily explored Al-Cr-Fe-Ni-Mo space and is converging on a local optimum around HV~764. The unexplored regions include refractory-element-rich compositions with strong solid-solution ,"Multi-mechanism hardening: refractory solid-solution strengthening via large atomic size mismatch (W, Ta, Nb, Mo, Re), interstitial hardening via B and C forming hard borides/carbides, and precipitation of topologically close-packed (TCP) or Laves phases in Cr-W-Co-rich systems",12,False
1,2,45,34,"The search has heavily saturated the Al-Cr-Fe-Ni-Mo chemical space, which consistently yields HV ~730-764 but shows diminishing returns. The top compositions rely on solid-solution strengthening in BC","Primary: intermetallic precipitation hardening (B2-phase, Laves-phase, carbide/boride dispersoids) combined with lattice distortion solid-solution hardening from large atomic size mismatch refractory elements (W, Ta, Mo, Hf, Nb).",12,False
1,2,48,37,"The optimization has converged around Al-Cr-Fe-Ni-Mo space, which consistently yields HV ~730-764 but cannot break through. Unexplored regions with high hardness potential include refractory-element-r","Primary mechanisms vary by candidate: (1) solid-solution strengthening + lattice distortion in refractory multi-principal-element alloys; (2) intermetallic precipitation (L12 Ni3Al/Co3Ti, B2 NiAl) in Ni-Co-Al base systems with refractory additions; (3) interstitial/boride/carbide precipitation hardening via B or C additions in transition-metal matrices.",12,False
1,3,7,5,"The search has converged on Al-Cr-Fe-Ni-Mo compositions and nearby variants, exhausting the BCC-stabilized refractory-light alloy space. The top performers all share a common motif of Al+Cr+Fe+Ni with","Multi-mechanism hardening combining severe lattice distortion (large atomic size misfit from W, Ta, Re, Hf), solid-solution strengthening in BCC matrices, and in-situ precipitation of hard intermetallics (Laves, sigma, carbide/boride phases) upon solidification.",12,False
1,3,10,8,"The search has converged around Al-Cr-Fe-Ni-Mo compositions with moderate hardness (~750-764 HV), and has not explored refractory-element-dominated HEAs or boride/carbide-forming systems that can achi","BCC solid-solution hardening via large atomic-size misfit among refractory elements (W, Mo, Ta, Re, Nb), supplemented by precipitation of hard intermetallic phases (e.g., Laves, sigma, or boride/silicide) and lattice distortion from small interstitial additions (B, Si)",12,False
1,3,13,11,"The search has converged around Al-Cr-Fe-Ni-Mo compositions with BCC/FCC microstructures achieving ~750-764 HV. To escape this basin, we should explore refractory-element-rich HEAs (W, Ta, Re, Mo, Nb ","Primary mechanisms vary by candidate group: (1) severe lattice distortion / solid-solution hardening in refractory BCC HEAs (W, Ta, Re, Mo, Nb); (2) precipitation / intermetallic hardening via Al3X or silicide/boride formation with Si or B additions; (3) spinodal decomposition and coherency hardening in Al-containing multi-principal BCC systems with strong misfit elements (Hf, Zr, Ta).",12,False
1,3,16,14,"The search has converged on Al-Cr-Fe-Ni-Mo variants with FCC/BCC dual-phase microstructures, exhausting incremental improvements around HV~764. The unexplored high-potential regions include refractory","Refractory solid-solution hardening (lattice distortion from W, Re, Ta, Mo size mismatch) combined with ordered B2-phase precipitation (Al-Ni driving force) and/or Laves/sigma phase formation, providing both solid-solution and precipitation hardening in a BCC/B2 dual-phase matrix.",12,False
1,3,19,17,The search has converged around the Al-Cr-Fe-Ni-Mo system and is exhausting minor variants without improvement. The unexplored region of refractory-element-rich HEAs with strong carbide/boride formers,"Primary mechanisms are: (1) solid-solution strengthening via large atomic size mismatch in refractory BCC HEAs (W, Mo, Ta, Re, Nb), (2) intermetallic/precipitate hardening from L12 or B2 phases induced by Al+Ni or Al+Co with refractory additions, and (3) covalent/interstitial hardening from Si and B additions promoting silicide/boride nano-precipitates in the as-cast microstructure.",12,False
1,3,22,20,"The search has converged on Al-Cr-Fe-Ni-Mo compositions (~HV 764) and variants thereof, with the Bayesian surrogate unable to find improvements in that basin. The top compositions all share a BCC/B2 s","Primary: BCC solid-solution strengthening from high-misfit refractory elements (W, Re, Ta, Mo) combined with B2/L12 ordered precipitate hardening (Al-Ni, Al-Co intermetallics) and, where Si is included, silicide precipitation hardening.",12,False
1,3,25,23,"The search has converged around Al-Cr-Fe-Ni-Mo compositions with moderate Mo content, likely stuck in a local optimum near ~750-764 HV. Untapped regions include: (1) B2/L21 intermetallic-forming compo","Primary: intermetallic precipitation hardening (B2/Laves/sigma phase) combined with solid-solution strengthening from large atomic-size-misfit refractory elements (W, Ta, Nb, Hf); secondary: carbide/boride/silicide nanoprecipitate dispersion hardening",12,False
1,3,28,26,The search has converged around Al-Cr-Fe-Ni-Mo alloys achieving ~764 HV via solid-solution and intermetallic strengthening. Unexplored high-potential regions include: (1) Co-free compositions with hea,"B2/L21 intermetallic precipitation hardening combined with solid-solution strengthening from high-misfit refractory elements (Ta, W, Nb, Hf), and carbide/silicide dispersoid hardening in Ti-Zr-Nb-C/Si alloys",12,False
1,3,31,29,The search has heavily explored Al-Cr-Fe-Ni-Mo space and refractory Mo-W-Ta-Nb regions without surpassing HV=764. The top compositions share a common FCC/BCC dual-phase or B2-ordered microstructure mo,"Primarily ordered intermetallic precipitation (B2/L12) combined with solid-solution strengthening and, in C/Si-containing alloys, carbide/silicide precipitation hardening",12,False
1,3,34,32,"The search has heavily exploited Al-Cr-Fe-Ni-Mo space and its variants, achieving diminishing returns around 730-764 HV. Refractory HEAs with Mo-Nb-W-Ta-Re have underperformed likely due to poor as-ca","Precipitation hardening via B2 (AlNi/AlCo) and L12 (Ni3Al/Ni3Ti) ordered intermetallic phases within a disordered FCC/BCC matrix, combined with solid-solution strengthening from refractory additions (Ta, Hf, Nb, Zr) that have large atomic size mismatch with the host lattice.",12,False
1,3,37,35,"The search has converged around Al-Cr-Fe-Ni-Mo compositions (~HV 764) and exhausted refractory-heavy alloys. Unexplored regions include W/Mo-rich compositions with strong carbide/boride formers (B, Si","Combined solid-solution hardening from refractory elements (W, Mo, Ta) plus precipitation of ordered B2 (NiAl, FeAl) and L12 (Ni3Al, Co3Ti) intermetallics in a BCC/FCC dual-phase matrix, supplemented by boride/silicide dispersion hardening in select compositions.",12,False
1,3,40,38,"The search has heavily explored Al-Cr-Fe-Ni-Mo space and its variants, exhausting the solid-solution hardening potential of that cluster. The top compositions all share a common Al-Cr-Ni-Fe backbone w","Combined intermetallic precipitation hardening (L12 Ni3Al, Co3Ti coherent precipitates) + solid-solution misfit strengthening from oversized refractory atoms (W, Ta, Nb) + grain-boundary/dislocation pinning by boride/carbide nano-dispersoids",12,False
1,3,43,41,"The search has thoroughly explored Al-Cr-Fe-Ni-Mo space and its variants, converging around ~760 HV without breakthrough. The unexplored regions include boride/carbide-forming systems (B and C additio","Multi-mechanism: interstitial solid-solution hardening (B, C), intermetallic/Laves-phase precipitation (Zr-Ni, Hf-Co, Ta-Cr), and solid-solution lattice distortion hardening in high-misfit refractory multi-principal element alloys",12,False
1,3,46,44,"The search has saturated the Al-Cr-Ni-Mo-Fe-Ta-W compositional space, which dominates all top performers. Unexplored high-potential regions include: (1) B and C interstitial/solid-solution hardening i","Primary mechanisms vary by group: interstitial hardening (B, C additions creating lattice distortion and carbide/boride precipitates), silicide precipitation hardening (Si-rich compositions), coherent Laves/hydride-like phase precipitation (Zr/Hf with Cr/Mo), and solid-solution hardening via large atomic misfit in high-W/Re refractory matrices.",12,False
1,3,49,47,"The search has saturated the Al-Cr-Ni-Mo-Fe/Ta/W compositional space, which all top compositions share. The untapped regions include B/C interstitial-hardened alloys, Laves-phase strengthened Hf/Zr-co","Interstitial hardening (B, C), precipitation of Laves/silicide/boride phases, and solid-solution strengthening in refractory-element-rich matrices — all expected to push HV beyond the Al-Cr-Ni-Mo plateau.",12,False
1,4,6,5,The search has converged around Al-Cr-Fe-Ni-Ti-Mo compositions (~750 HV) with diminishing returns. The exploration has barely touched refractory-element-dominated systems and completely neglected bori,"Multi-mechanism: interstitial hardening (B, C occupying interstitial sites and forming nanoscale borides/carbides), solid-solution lattice distortion from large atomic-size mismatch refractory elements (Ta, W, Hf, Zr), and precipitation of hard Laves/sigma phases at grain boundaries.",12,False
1,4,9,8,"The search has been heavily focused on Al-Cr-Fe-Ni-Co-Ti-Mo FCC/BCC systems where the best result (HV=750) likely arises from BCC/B2 phase formation driven by Al. To escape stagnation, we should explo","Primary: solid-solution strengthening via large atomic-size mismatch (W, Ta, Re, Mo, Nb) combined with intermetallic/boride/carbide precipitation hardening and BCC phase stabilization for high intrinsic lattice resistance (Peierls stress).",12,False
1,4,12,11,"The search has converged on Al-Cr-Fe-Ni-Ti-Mo compositions (~750 HV) but is not exploring refractory-element-dominated HEAs with high melting points and strong solid-solution hardening, nor boride/car","Combined solid-solution hardening (large atomic size mismatch among refractory elements), BCC lattice strengthening, and precipitation of ordered B2 intermetallics (Al-Ni/Al-Co type) or refractory carbides/borides; expected to push HV well above 800.",12,False
1,4,15,14,"The optimization has converged on Al-Cr-Fe-Ni-Ti-Mo compositions near equimolar fractions, which form BCC/FCC dual-phase or L21/B2 ordered structures. To escape this basin, we should explore refractor","Refractory solid-solution hardening (large atomic size mismatch with W, Re, Mo, Ta), B2/Laves intermetallic precipitation via Al/Ti, and dispersion strengthening from in-situ boride/silicide/carbide formation",12,False
1,4,18,17,"The search has converged on Al-Cr-Fe-Ni-Ti-Mo compositions around HV~750, suggesting a local optimum in that FCC/BCC duplex region. Refractory-element-rich compositions with strong solid-solution and ","Primarily solid-solution strengthening from large atomic-size mismatch refractory elements (W, Re, Ta, Mo), combined with ordered intermetallic precipitation (B2, L12, Laves phases) from Al/Si additions, and grain-boundary hardening from boride/carbide/silicide dispersoids.",12,False
1,4,21,20,"The search has converged on Al-Cr-Fe-Ni-based FCC/BCC multiprincipal alloys and refractory Mo-Nb-W systems, both yielding diminishing returns. The top compositions share a common Al-Cr-Fe-Ni backbone,",Primary mechanisms vary by group: interstitial solid-solution and in-situ carbide/boride precipitation hardening (C/B-containing refractory alloys); B2+BCC dual-phase and coherency strengthening (Ti-Al-Nb-Mo alloys); silicide precipitation and solid-solution hardening (Si-containing alloys); and lattice-distortion solid-solution hardening in high-misfit refractory combinations (Ta-W-Hf-Mo).,12,False
1,4,24,23,"The search has heavily explored Al-Cr-Fe-Ni-based FCC/BCC multiprincipal alloys and refractory Mo-W-Nb-Ta systems, both of which appear to have plateaued near 750 HV. A fundamentally different approac","Primary: BCC solid-solution strengthening + ordered B2 intermetallic precipitation hardening (Al-Ni/Al-Co B2 precipitates in BCC matrix); Secondary: lattice distortion from large atomic size mismatch (Hf, Zr, Ta, Nb) and carbide/boride nano-precipitate strengthening.",12,False
1,4,27,26,"The search has heavily sampled Al-Cr-Fe-Ni-based FCC/BCC multiprincipal alloys and refractory Mo-W-Nb-Ta systems, but has not systematically explored compositions leveraging intermetallic precipitatio","Primary mechanisms vary by composition group: (1) B2 + L12 dual-phase precipitation hardening in Co-Ni-Al-Ti-(Cr/W) systems, (2) boride dispersion hardening via B addition, (3) BCC solid-solution strengthening with heavy refractory elements (W, Ta, Mo) at near-equiatomic ratios with misfit-strain contribution from Zr/Hf, and (4) carbide/silicide dispersion hardening in Cr-Mo-Si-C systems.",12,False
1,4,30,29,"The search has saturated the Al-Cr-Fe-Ni-based FCC/BCC duplex space and refractory Mo-W-Nb regions. The top compositions share a common theme of moderate BCC stabilizers (Al, Mo, Ti) in an FCC matrix.","Primary mechanisms vary by candidate group: (A) B2/L12 precipitation hardening in Ni-Al-Ti-Co-Cr systems, (B) interstitial solid-solution and boride/carbide dispersion hardening in refractory-element matrices, (C) σ-phase and topologically close-packed (TCP) phase strengthening in high-Cr/Re/W systems.",12,False
1,4,33,32,"The search has converged on Al-Cr-Fe-Ni-based FCC/BCC duplex alloys and refractory Mo-W-Nb systems, both of which plateau near 735-750 HV. The unexplored high-potential region is intermetallic-forming","Intermetallic precipitate hardening (L12/B2 phases + coherency strain), carbide/boride dispersion hardening, and solid-solution misfit strain from large atomic-size-mismatch elements (Hf, Zr, Ta) in a BCC matrix",12,False
1,4,36,35,"The search has converged on Al-Cr-Fe-Ni-Ti-Mo and Co-Cr-Fe-Ni-Ti spaces, which are near-equiatomic FCC/BCC mixtures yielding ~735-750 HV. Unexplored high-potential regions include boride/carbide inter","Combined solid-solution strengthening (large atomic size mismatch from refractory elements) and precipitation/intermetallic hardening (boride, carbide, Laves phases, B2 ordering) producing high lattice distortion and second-phase dispersion hardening",12,False
1,4,39,38,"The search has heavily explored Al-Cr-Fe-Ni based FCC/BCC systems and Co-Cr systems, converging around HV~750. Significant hardening potential remains in refractory HEA systems with strong solid-solut","Multi-mechanism hardening: (1) severe lattice distortion solid-solution strengthening from large atomic size mismatch between refractory elements (W, Ta, Mo, Hf, Zr); (2) precipitation of hard silicide/boride intermetallics (Mo5Si3, TaSi2, W2B) in BCC matrix; (3) BCC ordering and omega-phase formation in Ti-Zr-Nb-V systems; (4) spinodal decomposition in Al-containing refractory systems promoting dual-phase BCC+B2 microstructures.",12,False
1,4,42,41,"The search has heavily explored FCC-dominant Al-Cr-Fe-Ni and Co-Cr-Fe systems, reaching a ceiling near 750 HV. New gains require fundamentally different phase regions: refractory-element-rich composit","BCC solid-solution hardening combined with B2 intermetallic precipitation (Al-driven ordering) and lattice-distortion hardening from large atomic-size-mismatch refractory elements (Ta, W, Mo, Nb), supplemented by carbide/boride/silicide precipitation in selected compositions.",12,False
1,4,45,44,"The search has converged on Al-Cr-Fe-Ni-based compositions with transition metals (Mo, Ti, Ta), which yield HV around 700-750 via solid-solution and intermetallic strengthening. Truly unexplored terri","Combined solid-solution strengthening from large atomic-size mismatch refractory elements (W, Mo, Ta, Re) plus precipitation/intermetallic hardening from Al-Ti-Ni L1₂ or Al-Cr-Mo σ/μ phases, augmented by interstitial hardening (B, C, Si) forming nanoscale borides/carbides/silicides at grain boundaries.",12,False
1,4,48,47,"The search has converged around Al-Cr-Fe-Ni-based alloys with transition metal additions (Mo, Ti, Ta, W), consistently near 700-750 HV. The untapped region involves intermetallic-forming compositions ","Primary mechanisms: (1) B2 intermetallic precipitation hardening (Al-Ni/Al-Co ordering), (2) in-situ silicide/boride hard phase formation, (3) solid-solution hardening via large atomic misfit in refractory-rich matrices, and (4) σ/Laves phase precipitation at Cr-Mo-Re rich compositions.",12,False
1,5,9,5,"The search is stuck around Al-Cr-Fe-Ni-Ti-Mo compositions achieving ~750 HV through solid-solution strengthening and possible B2/L12 ordering. To escape this basin, we should explore refractory-elemen","Primary: precipitation hardening via Laves/intermetallic phases and interstitial (boride/carbide) strengthening; secondary: severe lattice distortion from large atomic-size mismatches among refractory elements (Ta, Hf, Zr, W) promoting high solid-solution hardening.",12,False
1,5,12,8,"The search has converged on Al-Cr-Fe-Ni-Ti-Mo variants that cluster around ~700-750 HV, with the Bayesian optimizer repeatedly sampling similar compositions in this region. To escape, we should explor","Primarily solid-solution strengthening via severe lattice distortion in multi-principal refractory BCC phases, supplemented by precipitation hardening from intermetallic/boride/carbide formation in boron- and carbon-containing systems, and grain-boundary/Hall-Petch strengthening from refined microstructures in high-melting-point alloys.",12,False
1,5,15,11,"The search has converged on Al-Cr-Fe-Ni-Ti-Mo variants, which all cluster around 700-750 HV. The unexplored high-hardness territory involves refractory-element-dominated HEAs (W, Ta, Mo, Nb, Hf) combi","Primarily solid-solution strengthening from severe lattice distortion (large atomic size mismatch among refractory elements), supplemented by precipitation hardening via Al-driven B2 ordering and interstitial hardening from B, C, Si additions",12,False
1,5,18,14,"The search has heavily explored Al-Cr-Fe-Ni-Ti-Mo space and Co-Cr-Fe-Ni variants, all producing moderate HV around 700-750. To escape this plateau, we should explore refractory-element-rich HEAs (W, T","Primary: solid-solution hardening from severe lattice distortion via refractory elements with large atomic size and modulus mismatch; Secondary: precipitation hardening from B2/intermetallic phases (Al-Ni, Al-Ti driven ordering) and interstitial strengthening (B, C); Tertiary: high intrinsic lattice resistance (Peierls stress) in BCC refractory matrices.",12,False
1,5,21,17,"The search has heavily sampled Al-Cr-Fe-Ni-Ti-Mo space and Co-Cr-based alloys, yet overlooked intermetallic-forming and refractory-dominant compositions that leverage precipitation hardening and solid","Primary mechanisms vary by group: (1) severe lattice distortion + solid-solution hardening in refractory-rich alloys; (2) L12/B2 intermetallic precipitation in Al-Ti-Ni-X systems; (3) hard-phase (silicide, boride, carbide) dispersion strengthening in Si/B/C-microalloyed matrices.",12,False
1,5,24,20,"The search has heavily explored FCC-dominant Al-Cr-Fe-Ni-Ti-Mo and Co-Cr-Fe systems, achieving a plateau around 735-750 HV. These compositions rely on solid-solution hardening in FCC/BCC matrices. To ","Primarily precipitation/intermetallic hardening (B2, Laves, L12 phases) combined with lattice distortion solid-solution hardening in BCC/dual-phase matrices; secondary carbide/boride dispersion strengthening in select candidates.",12,False
1,5,27,23,"The search has heavily explored FCC-dominant Co-Cr-Fe-Ni-based alloys and refractory Mo-Nb-W systems, with the current best (HV=750) coming from an Al-Cr-Fe-Ni-Ti-Mo composition relying on BCC precipi","Primary mechanisms: (1) B2/L12 ordered-phase precipitation hardening in Al-Ni-Ti-Co systems; (2) in-situ boride/carbide dispersion hardening in W-Mo-Ta matrices with B or C additions; (3) severe lattice distortion and solid-solution hardening in refractory BCC HEAs with large atomic-size mismatch (Hf, Zr, Ta, W); (4) dual-phase BCC+B2 microstructure in Al-heavy refractory systems.",12,False
1,5,30,26,"The search has heavily explored Al-Cr-Fe-Ni-Ti-Mo space and refractory-rich Mo-Nb-W regions, both yielding diminishing returns around 600-750 HV. The top compositions suggest that Al-Cr-Fe-Ni with tra","Combined solid-solution strengthening (atomic size mismatch from W, Re, Ta, Hf), intermetallic precipitation (L12 Ni3Al, B2 AlNi, σ-phase CrFe), and grain-boundary/carbide/boride hardening from B, C, Si additions",12,False
1,5,33,29,"The search has been stuck in Al-Cr-Fe-Ni-Ti-Mo space and refractory-heavy Mo-Nb-W regions, neither of which has broken past 750 HV. The top compositions suggest that Al-Cr-Fe-Ni with transition metal ",Primary mechanisms vary by group: (1) boride precipitate hardening + grain boundary strengthening via B; (2) sigma-phase and solid-solution hardening in W-Ta-Cr-rich alloys; (3) B2 ordered phase + solid-solution hardening in Al-Cr-V-Fe systems; all supported by high lattice misfit and multi-phase microstructures expected in as-cast state.,12,False
1,5,36,32,"The search has heavily explored Co-Cr-Fe-Ni-based FCC regions and Al-Cr-Fe-Ni-Ti-Mo BCC/dual-phase regions. The best result (HV=750) came from Al-Cr-Fe-Ni-Ti-Mo, suggesting BCC-stabilizing elements (A","Primarily BCC solid-solution strengthening from large atomic size misfit (W, Ta, Nb, Zr, Hf), supplemented by precipitation hardening via B2/L12 intermetallics (Al-Ni, Al-Co), carbide/boride dispersion hardening (W2C, TaB, Mo2B), and lattice distortion from multi-principal element mixing.",12,False
1,5,39,35,The search has heavily explored Al-Cr-Fe-Ni-Mo-Ti space and is stuck near HV=750. The top compositions all share a common FCC/BCC dual-phase or BCC-dominant motif driven by Al and refractory elements ,"Primary mechanisms vary by candidate group: (A) severe lattice distortion solid-solution hardening in multi-refractory BCC alloys (W, Ta, Mo, Re, Nb); (B) interstitial solid-solution + carbide/boride precipitation hardening using C or B additions; (C) B2/L21 intermetallic precipitation in Al-Ni-rich matrices with refractory additions.",12,False
1,5,42,38,"The search has converged on Al-Cr-Fe-Ni-Mo-Ti space, which appears to plateau around 750 HV. The optimization is missing refractory-dominated compositions with strong solid-solution hardening from hig","Primary: solid-solution hardening from large atomic-size-mismatch refractory elements (W, Re, Ta, Hf) combined with intermetallic precipitation (Ni3Al, Ni3Ti, sigma/Laves phases) and, in B/C-containing alloys, in-situ hard boride/carbide particulate reinforcement.",12,False
1,5,45,41,"The search has converged on Al-Cr-Fe-Ni-Mo-Ti regions delivering ~750 HV, but has not explored compositions leveraging intermetallic precipitation hardening (L12-Ni3Al/Ti or B2-NiAl) combined with sol","Combination of severe lattice distortion/solid-solution hardening in BCC refractory matrices, L12/B2 intermetallic precipitation hardening in Ni-rich matrices, and chemical ordering strengthening in Al-Ti-rich compositions.",12,False
1,5,48,44,"The search has converged on Al-Cr-Fe-Ni-Mo-Ti compositions delivering ~750 HV, with 44 consecutive iterations unable to improve. The top compositions share a common FCC/BCC dual-phase or B2-ordered st","Primary: solid-solution strengthening via large atomic-size mismatch in refractory BCC matrices (δ > 5%), supplemented by ordered B2/Laves-phase precipitation hardening and interstitial (B, C) grain-boundary strengthening",12,False
1,6,6,5,"The search has converged on Al-Cr-Fe-Ni-Mo-Ti alloys with FCC/BCC dual-phase microstructures giving ~700-750 HV. To escape this basin, we should explore refractory HEA systems (W, Ta, Nb, Mo, Hf, Zr, ","Solid-solution strengthening in refractory BCC matrices combined with precipitation of hard intermetallic phases (Laves, μ-phase, borides, silicides, and carbides) induced by B, Si, C, Hf, and Zr additions",12,False
1,6,9,8,"The search has been heavily concentrated in Al-Co-Cr-Fe-Ni-Ti-Mo space with FCC/BCC HEAs. The best result (HV=750) comes from Al-Cr-Fe-Ni-Ti-Mo, suggesting BCC-forming refractory-element additions hel","Solid-solution strengthening via severe lattice distortion in refractory-element BCC matrices, combined with precipitation hardening from intermetallic phases (Laves, sigma, B2) and potential carbide/boride dispersion hardening",12,False
1,6,12,11,"The search has converged around Al-Cr-Fe-Ni-Ti-Mo equiatomic-ish compositions yielding ~735-750 HV, and minor tweaks within this basin are not improving results. The optimization has not explored refr","Primary mechanisms: (1) Refractory solid-solution strengthening from large atomic-size misfit and high modulus mismatch in W/Ta/Mo/Hf/Zr/Re-containing systems; (2) Intermetallic precipitation (Laves, sigma, μ-phase) in Al-Nb-Ta-Ti-Zr and similar systems; (3) Interstitial hardening and boride/carbide nano-precipitate formation when B or C is added to refractory matrices.",12,False
1,6,15,14,"The search has converged around Al-Cr-Fe-Ni-Ti-Mo equimolar-ish compositions with FCC/BCC dual-phase microstructures, exhausting incremental gains. The top compositions suggest that moderate Al+Ti wit","Primary mechanisms vary by group: (A) solid-solution strengthening and high lattice friction stress in refractory-dominant BCC HEAs (W, Re, Ta, Mo, Nb); (B) B2-ordered precipitate hardening via Al/Ti-driven ordering in BCC matrices; (C) intermetallic/boride/silicide dispersion hardening via Si and B additions creating hard second phases.",12,False
1,6,18,17,"The search has converged on Al-Cr-Fe-Ni-Ti-Mo compositions with FCC/BCC dual-phase microstructures giving ~750 HV, but has not explored refractory-element-rich compositions with strong solid-solution ","Primary mechanisms targeted: (1) refractory solid-solution strengthening via large atomic-size mismatch and high shear modulus in W/Re/Mo/Ta-rich alloys; (2) precipitation of hard intermetallic phases (B2, Laves, sigma) in Al/Ti/Nb-containing systems; (3) hard boride/carbide particle dispersion strengthening in B- and C-containing HEAs",12,False
1,6,21,20,"The search has exhausted conventional FCC-based CoCrFeNi and Al-Cr-Fe-Ni-Ti-Mo regions. The best compositions cluster around Al-Cr-Fe-Ni-Ti-Mo with HV~750, suggesting that intermetallic-forming elemen","BCC solid-solution strengthening combined with B2/L21 intermetallic precipitation (Al-Ti driving ordered phase formation), Laves phase precipitation (W/Mo/Nb-rich compositions), and solid-solution lattice distortion hardening in refractory-element-dominated matrices",12,False
1,6,24,23,The search has converged around Al-Cr-Fe-Ni-Ti-Mo compositions (FCC/BCC duplex alloys with moderate solid-solution hardening) and has extensively explored refractory-element combinations without succe,"Ordered intermetallic precipitation (B2-NiAl/CoAl + Laves/μ-phase) combined with solid-solution strengthening from heavy refractory elements (W, Re, Mo) creating multi-phase microstructures with high lattice misfit",12,False
1,6,27,26,"The search has heavily sampled Al-Cr-Fe-Ni-Ti-Mo space and refractory-heavy compositions (Ta, Hf, Zr, Nb) without breaking past 750 HV. Two underexplored avenues with strong theoretical basis remain: ","Dual-phase B2 precipitate hardening (ordered intermetallic Al-Ni/Al-Co domains in a disordered BCC/FCC matrix) plus solid-solution strengthening from high-misfit refractory solutes (W, Mo, Ta); and separately, in-situ carbide/boride dispersion hardening from C or B additions creating hard MC/MB particles in the as-cast microstructure.",12,False
1,6,30,29,"The search has converged on Al-Cr-Fe-Ni-Ti-Mo space and repeatedly sampled refractory-metal (Nb, Ta, Hf, Zr) regions with little gain. The untapped region is boride/silicide-forming HEAs and compositi","Combined solid-solution strengthening (atomic size mismatch from W, Ta, Mo), precipitation hardening (L12-Ni3Al/Co3Ti, B2-NiAl, boride and silicide second phases), and grain refinement/boundary pinning by boron segregation and carbide/boride dispersoids",12,False
1,6,33,32,"The search has converged around Al-Cr-Fe-Ni-Ti-Mo equiatomic-like alloys and Co-Cr-based systems, all showing diminishing returns near HV 750. Refractory-element-rich systems (Mo-Nb-W-Re-Ta) were trie","Combination of ordered intermetallic precipitation (B2, Laves, sigma phases), solid-solution hardening from high-misfit refractory elements, and grain-boundary/carbide/boride pinning",12,False
1,6,36,35,"The search has heavily explored Al-Cr-Fe-Ni-Ti-Mo and Co-Cr-Fe-Mo-Ni-Ti clusters, and the refractory Mo-Nb-W-Ta-Re space yielded mediocre results without strong carbide/boride formers. The best compos","Primary mechanisms vary by candidate group: (1) B2+L12 coherent precipitate strengthening in Al-Ti-Nb-Ni-Cr alloys, (2) solid-solution + silicide/boride dispersion hardening in Cr-V-Mo-W-Si/B systems, and (3) carbide/boride interstitial hardening combined with BCC solid-solution strengthening in Fe-Cr-Al-B/C alloys.",12,False
1,6,39,38,"The search has heavily sampled Al-Cr-Fe-Ni-Ti-Mo and Co-Cr-Fe-Mo spaces, achieving a ceiling around 750 HV. The overlooked region is B-containing and Si-containing intermetallic-forming compositions, ",Intermetallic precipitation hardening (B2/L12 ordered phase + boride/silicide precipitates) combined with solid-solution strengthening via large atomic size mismatch (δ > 5%) and high valence-electron concentration contrast,12,False
1,6,42,41,The search has heavily saturated Al-Cr-Fe-Ni-Ti-Mo and Co-Cr-Fe-Mo-W-C spaces. Unexplored regions with strong hardening potential include: (1) refractory HEAs built around Ta-W-Mo-Hf-Zr-Nb with solid-,Mixed: solid-solution strengthening from large atomic-size mismatch refractory elements + coherent ordered-precipitate (B2/L12) hardening + boride/silicide intermetallic dispersion hardening,12,False
1,6,45,0,"The search has heavily sampled Al-Cr-Fe-Ni-Mo space and Co-Cr-based alloys, with diminishing returns. The best compositions share moderate Al + transition metals with BCC-stabilizing elements (Mo, Cr)",Primary mechanisms vary by group: (1) solid-solution strengthening + carbide/boride precipitation in refractory-rich compositions; (2) intermetallic (B2/L12) precipitation hardening in Al-Ti-Nb-Ta systems; (3) interstitial + solid-solution hardening via Si and B additions in transition-metal matrices.,12,False
1,6,48,3,The search has converged around Al-Cr-Fe-Ni-Mo quinary space with HV~764 and is not finding improvements through incremental variants. The top compositions all share moderate Mo/W additions for solid-,"Primary mechanisms targeted: (1) Laves-phase and intermetallic precipitation hardening in Hf/Zr-bearing systems; (2) atomic-scale lattice distortion and solid-solution strengthening from large-misfit refractory elements (Ta, Re, Hf, W); (3) B2 ordered-phase strengthening in Al-Ni-rich matrices with refractory additions; (4) carbide/boride dispersion hardening with B or C additions in refractory matrices.",12,False
2,0,14,5,"The search has converged on Al-Cr-Fe-Ni-Mo-Ti compositions with equimolar-ish distributions, which are giving diminishing returns around HV~749. Refractory HEA systems (containing W, Ta, Nb, Mo, Hf, Z","Solid-solution strengthening via large atomic size mismatch in refractory HEAs, supplemented by precipitation of hard intermetallic phases (Laves, sigma, mu-phases) and order strengthening from B2/L21 ordering in Al-containing refractory compositions",12,False
2,0,17,2,"The search has converged on Co-Cr-Fe-Ni-Mo-Ti/Al systems achieving ~750 HV, exhausting soft-to-moderate FCC/BCC transition compositions. To escape this plateau, we should explore refractory-rich HEAs ","Severe lattice distortion (atomic size mismatch) in BCC refractory matrices combined with precipitation of hard intermetallic and boride/carbide phases; solid-solution strengthening from high-valence electron elements (W, Mo, Ta, Nb) in BCC lattices",12,False
2,0,20,5,"The search has converged on Co-Cr-Fe-Ni-Mo-Ti equimolar or near-equimolar combinations yielding ~750 HV, suggesting a local optimum in the FCC/BCC multiprincipal-element space with moderate Mo and Ti ",Primary mechanisms vary by cluster: (1) BCC solid-solution hardening + lattice distortion from refractory W/Ta/Hf/Nb misfit; (2) coherent L12/B2 precipitate hardening from Al-Ti-Zr-Ni ordering; (3) interstitial/grain-boundary hardening from B and Si additions suppressing slip and pinning grain boundaries.,12,False
2,0,23,8,"The search has converged on Co-Cr-Fe-Mo-Ni-Ti/Al compositions near equimolar distributions, exhausting that region. The top compositions rely on solid-solution strengthening and minor intermetallic co",Primary mechanisms: (1) coherent γ' (L1₂ Ni₃Al/Ni₃Ti) precipitation hardening in Al-Ni-Ti-Nb/Ta systems; (2) high lattice friction stress (Peierls-Nabarro) + solid-solution misfit strengthening in refractory BCC Ta-W-Cr-Mo-V HEAs; (3) boride/silicide dispersion hardening combined with grain refinement in B- and Si-microalloyed HEAs.,12,False
2,0,26,11,The search has converged around Co-Cr-Fe-Mo-Ni-Ti equimolar-like compositions near HV~750 and is repeatedly sampling similar regions. The optimization has not explored boride/carbide-forming refractor,"Multi-mechanism hardening: B2/L12 intermetallic precipitation (Al-Ni, Al-Co ordering), Laves-phase precipitation (Cr2Nb, Fe2Hf, Co2Ta types), solid-solution strengthening from high-misfit refractory atoms (W, Hf, Ta, Re), and grain-boundary/dislocation hardening from Si/B microalloying",12,False
2,0,29,14,"The search has converged around Co-Cr-Fe-Mo-Ni-Ti equimolar-like compositions and Al-Cr-Fe-Ni-Ti-Mo variants, all yielding ~730-750 HV. The algorithm is stuck in a local optimum centered on FCC/BCC mu","Primary mechanisms vary by candidate cluster: (1) intermetallic precipitation hardening via Laves/σ/B2 phases in refractory-rich alloys, (2) carbide/boride dispersion hardening from C and B microalloying, and (3) lattice distortion + ordered precipitate strengthening in Hf/Zr/Ta-containing systems.",12,False
2,0,32,17,"The search has converged around Co-Cr and Al-Co-Cr-Fe-Ni-Ti/Mo systems yielding ~750 HV, exploiting solid-solution and precipitation strengthening in FCC-dominant alloys. Unexplored regions include in","Combined intermetallic ordering (B2/L12 precipitation), severe lattice distortion solid-solution hardening, and carbide/boride/silicide dispersoid formation in BCC or dual-phase matrices",12,False
2,0,35,20,"The search has converged around Co-Cr-Fe-Mo-Ni-Ti equimolar or near-equimolar alloys yielding ~750 HV, and recent queries exploring refractory-heavy, Nb-Ti, and Al-Ni-rich regions have not surpassed t",Primary: B2/L12 ordered precipitate hardening combined with severe lattice distortion (atomic size mismatch) in BCC/FCC dual-phase matrices; secondary: solid-solution strengthening from high-misfit refractory elements and carbide/boride dispersion hardening.,12,False
2,0,38,23,"The search has converged around Co-Cr and Al-Co-Cr-Fe-Ni-Mo equimolar regions yielding ~750 HV, which are primarily solid-solution-strengthened FCC/BCC alloys. To escape this plateau, we should explor","Primary mechanisms targeted: (1) interstitial solid-solution + in-situ carbide/boride precipitation hardening from C and B additions to refractory matrices; (2) ordered B2 phase (AlNi/AlFe-type) strengthening combined with BCC solid-solution hardening from heavy refractory elements; (3) severe lattice distortion in multi-principal refractory HEAs with large atomic size mismatch (Zr, Hf, W, Ta, Nb) producing high Peierls stress.",12,False
2,0,41,26,"The search has exhausted Co-Cr, Al-Co, Al-Ni, Mo-Nb, and related transition-metal solid-solution regions, all converging near HV~750. The top compositions share a common motif of equimolar or near-equ","Combined severe lattice-distortion solid-solution hardening (refractory systems with large δ), ordered precipitate/intermetallic strengthening (Al-Ti B2/L12 formers), and in-situ hard-phase (carbide/boride) precipitation hardening",12,False
2,0,44,29,"The search has heavily sampled Co-Cr, Al-Co, Al-Ni, and Mo-Nb base systems with conventional equimolar-like distributions, achieving a ceiling near 750 HV. New exploration should target (1) refractory","Multi-mechanism hardening: severe lattice distortion (solid-solution strengthening from high atomic-size-mismatch refractory elements), precipitation of intermetallic or carbide/boride phases, and order strengthening from Al/Si-induced ordered phases (B2/L12).",12,False
2,0,47,32,"The search has converged around Co-Cr-Fe-Mo-Ni-Ti equimolar-type compositions with HV ~750, and repeated exploration of refractory-element clusters (Mo-W-Ta-C) and Al-Ni-based alloys has not broken th","Ordered intermetallic precipitation hardening (B2/L12 phases), solid-solution hardening from refractory elements with large atomic size mismatch, and dispersion strengthening from silicide/boride second phases",12,False
2,0,50,35,"The search has converged around Co-Cr-Fe-Mo-Ni-Ti equimolar alloys near HV~750, exhausting the FCC/BCC solid-solution space around those elements. The optimization has largely ignored precipitation-ha","Primary mechanisms vary by candidate group: (1) Laves-phase precipitation hardening + solid-solution strengthening in Cr-Mo-Nb-Fe-Si alloys; (2) severe lattice distortion hardening in equimolar BCC refractory alloys (W-Mo-Nb-Ta-V); (3) L12 coherent precipitate hardening (Ni3Al, Ni3Ti) in Ni-Al-Ti-rich matrices; (4) dual-phase BCC+σ hardening via Cr-Fe-V-Mo-Si compositions.",12,False
2,1,8,5,"The search has converged on Al-Cr-Fe-Ni-Mo/Ti/Co space, which all share FCC/BCC dual-phase AlCrFeNiMo-type alloys. To escape stagnation, we should explore refractory-element-dominated HEAs (Mo, W, Ta,",Primary mechanisms vary by group: (1) solid-solution strengthening + BCC lattice distortion in refractory HEAs; (2) B2/L12 ordered-phase precipitation hardening in Al-rich Ni-base systems with W/Ta/Re; (3) grain boundary and interstitial strengthening via controlled Si/C additions to refractory matrices.,12,False
2,1,11,1,"The search has converged on Co-Cr-Fe-Ni-based compositions with Mo and Ti/Al additions, which consistently yield ~730-750 HV but shows diminishing returns. The top compositions all share a common FCC-","Primarily precipitation hardening via refractory intermetallic phases (Laves, B2, μ-phase), combined with severe lattice distortion solid-solution strengthening from high atomic-size-mismatch refractory elements (W, Ta, Re, Mo), and dispersion hardening from in-situ boride/silicide formation.",12,False
2,1,14,4,"The search has converged on Co-Cr-Fe-Mo-Ni-Ti/Al systems delivering ~750 HV through solid-solution strengthening in FCC-dominated matrices. To escape this plateau, we should pivot to refractory-elemen","Primary: precipitation hardening via Laves, sigma, and B2 intermetallic phases combined with solid-solution strengthening from high-modulus refractory elements (W, Ta, Re) creating large lattice distortion and sluggish diffusion effects in BCC/dual-phase matrices.",12,False
2,1,17,7,"The search has converged on Co-Cr-Fe-Mo-Ni-Ti equimolar-ish compositions achieving ~750 HV, but has not explored refractory-element-dominated systems (W, Ta, Re, Nb) that can provide massive solid-sol","Solid-solution strengthening in BCC refractory matrices combined with intermetallic/carbide/boride precipitation hardening, supplemented by lattice distortion hardening from large atomic-size-mismatch elements (Ta, W, Hf, Zr).",12,False
2,1,20,10,"The search has converged on Co-Cr-Fe-Mo-Ni-Ti equimolar-ish compositions yielding ~750 HV via solid-solution hardening and minor intermetallic formation. To escape this basin, we should explore two un","Primary: lattice-distortion solid-solution hardening in high-melting-point BCC refractory HEAs, supplemented by in-situ precipitation of hard intermetallic/ceramic phases (Laves, sigma, borides, silicides) during as-cast solidification.",12,False
2,1,23,13,"The search has converged around equimolar Co-Cr-Fe-Mo-Ni-Ti alloys (~HV 750) and is sampling minor variations of the same FCC/BCC region. To escape, we should explore (1) carbide/boride-forming additi","Primary mechanisms vary by group: interstitial solid-solution + carbide/boride precipitation hardening (B/C-containing), severe lattice distortion solid-solution strengthening in refractory BCC HEAs (Ta/W/Re/Mo-rich), and ordered L12/B2 precipitation hardening in Al-Ni-Ti-Nb systems.",12,False
2,1,26,16,"The search has converged around Co-Cr-Fe-Ni-based and Al-Cr-Fe-Ni-based compositions, achieving ~750 HV via solid-solution strengthening and moderate intermetallic formation. To escape stagnation, we ","Precipitation hardening via in-situ formation of hard borides (MB2), carbides (MC), and silicides (M5Si3) combined with severe lattice distortion solid-solution strengthening in BCC refractory matrices",12,False
2,1,29,19,"The search has converged around Co-Cr-Fe-Mo-Ni-Ti-Al combinations near equimolar distributions, which have been extensively explored. The high-hardness compositions all share a transition-metal base w","Precipitation hardening via ordered intermetallic phases (L12 Ni3Al, B2 NiAl, and metal borides/silicides) combined with solid-solution misfit hardening from large-atom additions (Zr, Hf, Ta) in a FCC/BCC dual-phase matrix",12,False
2,1,32,22,"The search has heavily explored Co-Cr-Fe-Ni-based FCC alloys and refractory Mo-W-Ta-Nb alloys, both yielding plateaus around 600-750 HV. A fundamentally different strategy is to exploit intermetallic-","B2/L12 ordered precipitate hardening in BCC matrix, combined with solid-solution strengthening from misfit-heavy refractory elements (Nb, Mo, Zr, Ta) and intermetallic precipitation (Laves phases, silicides); secondary mechanism includes carbide/boride dispersion hardening.",12,False
2,1,35,25,The search has converged on Co-Cr-Fe-Ni-based and refractory-heavy compositions without successfully combining the two strategies. The top compositions share a common motif of 3d transition metals + M,"Multi-mechanism hardening: L12 γ' precipitation (Ni3Al/Ni3Ti), solid-solution strengthening via large atomic-radius mismatch elements (Hf, Zr, W, Re), and interstitial hardening via B/C micro-additions in BCC-rich matrices",12,False
2,1,38,28,"The search has heavily saturated Co-Cr, Al-Ni, and Al-Co-Cr-Fe-Ni-Mo regions, which are typical FCC/BCC transition HEAs. The top compositions suggest that Mo and Ti additions to Fe-Co-Cr-Ni bases are ","Primary mechanisms vary by candidate: (1) B2 + BCC dual-phase precipitation hardening in Al-Ti-Zr-Nb-X systems; (2) L12 and silicide/boride dispersion hardening in Si/B-containing Ni-Co-Fe matrices; (3) severe lattice distortion solid-solution hardening from large atomic-size-mismatch elements (Zr, Hf, Ta) in Fe/Ni/Co bases at moderate concentrations.",12,False
2,1,41,31,The optimization has converged on Co-Cr-Fe-Mo-Ni-Ti equimolar-like systems around HV~750. The search has heavily sampled transition-metal solid-solution alloys and Al-containing FCC/BCC mixtures but h,"Primary: intermetallic precipitation hardening (B2, Laves C14/C15, silicide phases) combined with BCC solid-solution strengthening from large atomic-size misfit elements (Hf, Zr, Ta, W); secondary: grain-boundary hardening from fine as-cast microstructures in high-melting-point refractory systems.",12,False
2,1,44,34,The search has converged on Co-Cr-Fe-Mo-Ni-Ti equimolar and Al-Cr-Fe-Ni-Ti-Mo compositions that rely on solid-solution hardening of FCC/BCC dual-phase systems. Unexplored territory with high hardness ,Primary mechanisms vary by candidate: (1) B2 + BCC dual-phase precipitation in Al-containing refractory HEAs; (2) Laves phase dispersion hardening in Hf/Zr-rich refractory systems; (3) in-situ silicide/boride formation for hard-particle composite hardening; (4) σ-phase or μ-phase precipitation in Mo-Re-W-Cr-Fe systems; (5) massive solid-solution hardening in equiatomic 4-element refractory BCC HEAs with high misfit.,12,False
2,1,47,37,"The search has heavily explored Co-Cr, Al-Ni, Al-Co, and Al-Cr regions with equiatomic-ish compositions and moderate refractory content, converging around HV~750 without breakthrough. Critically, boro","Interstitial hardening (B and C in octahedral sites causing lattice distortion and carbide/boride precipitation), solid-solution strengthening from high atomic-size-mismatch elements (Re, W, Si), and precipitation of hard second phases (Cr-borides, Mo-carbides, sigma/Laves phases) in multi-principal-element matrices.",12,False
2,1,50,40,"The search has heavily explored Co-Cr, Al-Ni, and Mo-Nb systems with near-equimolar distributions, converging around HV~750 without breakthrough. Refractory-element-rich compositions (Ta, W, Mo, Nb) w","Combined solid-solution lattice distortion (atomic size mismatch in refractory matrices), precipitation of hard intermetallic/boride/carbide phases, and order strengthening via B/Si/C additions",12,False
2,2,6,5,"The search has converged on the Al-Cr-Fe-Ni-Mo-Ti family (~Al20Cr20Fe20Ni20 base with Mo/Ti/Co additions), which dominates all top results. To escape this basin, we should explore fundamentally differ","Primarily solid-solution strengthening from large atomic misfit in BCC refractory matrices (W, Ta, Mo, Re, Nb, Hf), supplemented by interstitial hardening (B, C) and lattice friction (Peierls stress) in high-melting-point phases; additionally precipitation hardening from L12/B2 intermetallics in Ni-Al-Ti-Nb systems.",12,False
2,2,9,8,"The search has converged on the Al-Cr-Fe-Ni-Mo family, achieving good but plateaued hardness (~750 HV). The best compositions rely on solid-solution strengthening and possible B2/L12 ordering, but ref","Primarily BCC solid-solution strengthening via large atomic-size mismatch in refractory element combinations (W, Ta, Mo, Nb, V, Hf), supplemented by precipitation hardening via L12 γ' (Al/Ti-rich Ni/Co bases) and interstitial/compound hardening in Si/B-bearing systems.",12,False
2,2,12,1,"The search has converged around Co-Cr-Fe-Mo-Ni-Ti/Al systems achieving ~750 HV, which are primarily solid-solution and minor precipitation hardened. To escape this basin, we should explore refractory-","Primary mechanisms targeted: (1) refractory solid-solution hardening via large atomic size mismatch and high shear modulus in W/Ta/Mo/Re/Nb-based systems; (2) intermetallic precipitation (B2, σ, Laves) in Al-Ti-Nb-Mo systems; (3) boride/carbide precipitation hardening when B or C is combined with strong carbide/boride formers (Cr, Mo, W, Ta).",12,False
2,2,15,4,"The search has converged around Co-Cr-Fe-Mo-Ni-Ti equimolar-ish compositions near HV=750, with diminishing returns from incremental variants. The optimization has not explored refractory-element-rich ","Primary mechanisms vary by group: (1) refractory solid-solution hardening via large atomic-size misfit and high shear modulus in W/Ta/Re/Mo-rich alloys; (2) ordered intermetallic precipitation (L12 Ni3Al, B2 NiAl) in Ni-Al-Ti-rich alloys; (3) interstitial solid-solution hardening combined with carbide/boride precipitates in C/B-containing refractory systems.",12,False
2,2,18,7,"The search has been dominated by Co-Cr-Fe-Ni-based FCC alloys with Mo and Ti additions, all converging near HV~750. The high-entropy boride/carbide-forming and refractory-principal-element regimes (W,",Refractory solid-solution strengthening (large atomic-size misfit and high lattice distortion energy in BCC/dual-phase matrices) combined with carbide/boride nano-precipitate hardening in select compositions,12,False
2,2,21,10,"The search has converged on Co-Cr-Fe-Mo-Ni-Ti equimolar or near-equimolar compositions yielding ~750 HV, with diminishing returns from minor perturbations. The unexplored high-potential region involve","Primary: severe lattice distortion solid-solution hardening from large atomic-size mismatch refractory elements (W, Ta, Re, Hf) combined with intermetallic/Laves-phase precipitation (e.g., Ni3Al, Co3Mo, C15 Laves phases) providing obstacle-based dislocation pinning; secondary: chemical short-range ordering in BCC/dual-phase matrices.",12,False
2,2,24,13,"The search has saturated the Co-Cr-Fe-Mo-Ni-Ti-Al chemical space around equimolar 6-component alloys, with the best HV plateauing at 750 for 13 iterations. Refractory-element-rich compositions (W, Ta,","Primarily solid-solution strengthening via large atomic-size and modulus mismatch (refractory candidates), supplemented by precipitation hardening from ordered B2/L12 intermetallics and hard silicide/boride phases in relevant candidates.",12,False
2,2,27,16,The search has converged around Co-Cr-Fe-Ni-Mo-Ti equimolar-like regions (HV ~750) and exhausted refractory-rich Nb/Hf/Ta/Zr compositions. The high performers all share a combination of transition-met,"Primary mechanisms span: interstitial solid-solution hardening (B, C additions in metallic matrices), precipitation/ordered-intermetallic hardening (σ-phase and L12/B2 in Fe-Co-Cr-Si-Al), and severe lattice distortion hardening in high-misfit refractory HEAs (Cr-W-Mo-V-Ta with large atomic-radius disparity).",12,False
2,2,30,19,"The optimization has converged around Co-Cr-Fe-Mo-Ni-Ti equimolar-ish compositions near HV=750, exhausting solid-solution strengthening in FCC-dominant alloys. The search has largely neglected interme","Multi-mechanism hardening combining ordered intermetallic precipitation (B2/L1₂ phases), refractory BCC solid-solution strengthening, and interstitial hardening (C, B, Si in grain boundaries and matrix)",12,False
2,2,33,22,"The search has converged around Co-Cr-Fe-Mo-Ni-Ti equimolar compositions yielding ~750 HV, with extensive coverage of transition-metal solid-solution alloys. Two underexplored regions with strong hard","Primary mechanisms: (1) ordered intermetallic precipitation hardening (B2-AlNi/AlCo and L12 phases) combined with solid-solution strengthening from refractory additions; (2) dispersion hardening via in-situ boride/carbide particle formation (HfB2, ZrC, Mo2C, TaC) providing Orowan bypass resistance and grain refinement.",12,False
2,2,36,25,"The search has heavily sampled Co-Cr, Al-Co, Al-Ni, and Cr-Mo regions and is stuck near HV~750 in FCC/BCC equiatomic-like compositions. The best results combine transition metals with moderate atomic ","Primary: precipitation hardening via ordered L12/B2 intermetallic phases (Al3Ni-type, NiAl-type) plus solid-solution hardening from large atomic size mismatch; secondary: boride and silicide dispersion hardening in refractory-B systems",12,False
2,2,39,28,"The search has been stuck near HV~750 predominantly in Co-Cr-Fe-Mo-Ni-Ti alloy space, and recent explorations of refractory-heavy systems (W-Ta-Mo-Nb-Re) yielded poor results (~500-640 HV). The top co","Primary: precipitation hardening via ordered intermetallic phases (B2, L12, Laves, borides, silicides) superimposed on solid-solution strengthening from large atomic-size-mismatch elements (Zr, Hf, Nb, Al, B, Si).",12,False
2,2,42,31,"The search has heavily explored conventional Co-Cr-Fe-Ni-Al-Mo-Ti systems and refractory W-Ta-Mo-Nb regions, both plateauing near 750 HV. The best compositions are equimolar-like 6-element alloys with","Intermetallic precipitation hardening (B2/L12 ordered phases) combined with interstitial strengthening via carbides/borides, and solid-solution hardening from high lattice distortion (misfit strain) in multi-principal BCC/FCC matrices",12,False
2,2,45,34,"The search has saturated the Co-Cr-Fe-Ni-Mo-Al-Ti design space around 750 HV, which represents the limit of solid-solution strengthening in conventional FCC/BCC HEAs. To break the stagnation, we shoul","Intermetallic precipitation hardening (L12-Ni3Al/Ni3Ti, B2-NiAl), carbide/boride dispersion strengthening, and BCC solid-solution hardening via misfit strain from oversized refractory atoms (W, Ta, Hf, Zr)",12,False
2,2,48,37,"The search has exhausted Al-Co, Co-Cr, Al-Ni, Mo-Nb, and Cr-Mo regions with equimolar-ish compositions of transition metals. The top compositions suggest that combining solid-solution strengtheners (M","Multi-mechanism hardening combining severe lattice distortion (atomic-size mismatch from Hf/Zr/Ta), precipitation of L12/B2 intermetallics (Al-Ni, Co-Ti), and solid-solution strengthening from high-valence refractory elements (W, Mo, Ta, Re) in a BCC/dual-phase matrix",12,False
2,3,12,4,"The search has converged on Al-Co-Cr-Fe-Mo-Ni-Ti equimolar-like compositions and is stuck near 750 HV. The best results consistently feature Mo and Ti as hardening agents, but the search has not explo","Refractory solid-solution strengthening (large atomic size mismatch), intermetallic/carbide/boride precipitation hardening, and lattice distortion hardening in BCC-dominant refractory HEAs",12,False
2,3,15,7,The search has over-sampled Al-Co-Cr-Fe-Ni-Mo-Ti equimolar space and is stuck near HV~750. The top compositions all share a common FCC/BCC dual-phase or BCC-rich motif with moderate Mo/Ti additions. T,"Refractory BCC solid-solution hardening (W, Ta, Re, Nb, Hf lattice distortion misfit), combined with intermetallic/Laves phase precipitation and, for B/C-containing alloys, hard boride/carbide second-phase dispersion hardening",12,False
2,3,18,10,"The search has converged on Al-Co-Cr-Fe-Mo-Ni-Ti equimolar/near-equimolar systems achieving ~750 HV via solid-solution strengthening and moderate intermetallic formation. To escape this basin, we shou","Combined BCC solid-solution strengthening with lattice distortion hardening (large atomic radius mismatch), precipitation of hard intermetallic/carbide/silicide phases, and ordering strengthening from Al/Si-induced B2 or L12 phase formation",12,False
2,3,21,13,"The search has converged on Al-Co-Cr-Fe-Mo-Ni-Ti equimolar-ish combinations and is stuck near HV~750. The unexplored high-hardness territory lies in refractory-HEA (RHEA) chemistries incorporating W, ","Primary mechanisms targeted: (1) solid-solution strengthening from large atomic-size-mismatch refractory elements (W, Re, Mo, Nb, Ta) in BCC/dual-phase matrices; (2) precipitation hardening via intermetallic or carbide/boride phases (C, B additions); (3) lattice distortion hardening in high-δ RHEAs.",12,False
2,3,24,16,"The search has converged around Co-Cr-Fe-Mo-Ni-Ti-Al equimolar or near-equimolar compositions near HV~750, which represent solid-solution strengthened FCC/BCC blends. To escape this basin, we should e","Primarily lattice distortion / atomic size mismatch solid-solution strengthening in refractory HEAs, combined with BCC-phase stabilization and ordered intermetallic precipitate hardening (B2, L12, sigma-phase) in Al/Ti-rich and Re/W-containing systems",12,False
2,3,27,19,"The search has over-explored FCC-dominated Co-Cr-Fe-Ni-Al-Mo space and refractory-only systems, both plateauing near 750 HV. The top compositions share a pattern of Mo/Ti with transition metals sugges","Primary: BCC solid-solution hardening from large atomic-size mismatch refractory elements (W, Re, Ta, Mo) combined with precipitation hardening via B2/L21 intermetallics (Al-Ni, Al-Co triggers) and carbide/boride dispersion hardening where C/B are included; secondary: lattice distortion from mixed BCC+HCP phase boundaries in Ti/Zr-containing systems.",12,False
2,3,30,22,"The search has converged around Co-Cr-Fe-Mo-Ni-Ti equimolar and Al-Cr-Fe-Ni-Ti-Mo systems, which are classical FCC/BCC multi-principal-element alloys relying on solid-solution strengthening. The unexp",Primary mechanisms targeted: (1) lattice-distortion solid-solution hardening from large atomic-radius mismatch in W/Ta/Mo/Nb-rich refractory alloys; (2) coherent L12/B2 nanoprecipitation hardening in Ni-Al-Ti-Cr systems with off-equimolar Ni:Al ratios; (3) interstitial solid-solution + grain-boundary hardening from B/Si additions in BCC refractory matrices.,12,False
2,3,33,25,"The search has converged around Co-Cr-Fe-Mo-Ni-Ti and Al-Cr-Fe-Ni-Ti-Mo equiatomic-like regions, consistently yielding HV ~730-750. The refractory-heavy and Zr/Hf/Ta regions scored low. A largely unex","Combined interstitial/precipitation hardening (B/C/Si promoting hard borides, carbides, silicides at grain boundaries and within grains) synergized with solid-solution hardening from heavy refractory elements (W, Mo, Ta) and lattice-distortion hardening in multi-principal-element matrices.",12,False
2,3,36,28,"The search has converged on Co-Cr-Fe-Mo-Ni-Ti equimolar-like regions and Cr-Fe-Mo-W-Si combinations, exhausting the moderate-entropy transition-metal space. The top compositions all rely on solid-solu","Precipitation hardening via coherent B2 (NiAl/CoAl) or L12 (Ni3Al/Co3Ti) nanoparticles in a BCC/FCC dual-phase matrix, supplemented by solid-solution misfit hardening from oversized refractory atoms (Ta, Hf, Zr, W) and, in boride-containing alloys, hard boride/silicide second-phase reinforcement",12,False
2,3,39,31,"The search has heavily explored Co-Cr, Al-Ni, and Mo-W-Cr systems, converging around equimolar 5-6 element alloys with HV ~750. The untapped region involves refractory-element-rich compositions incorp","Primary mechanisms: (1) severe lattice distortion in multi-principal BCC refractory alloys from large atomic size misfit (Ta, Hf, Zr, Nb with W/Mo); (2) precipitation of ordered B2 (NiAl-type) or Laves phases from Al+Ti+Ni combinations in a BCC matrix; (3) solid-solution hardening via high valence-electron mismatch in W-Ta-Mo-Cr-Si systems promoting short-range order.",12,False
2,3,42,34,The search has converged around Co-Cr-Fe-Mo-Ni-Ti equimolar-like compositions and is missing regions with strong intermetallic precipitation and solid-solution hardening from refractory-rich or boride,"Combined solid-solution hardening from large atomic-size-mismatch refractory elements (W, Ta, Mo, Nb) with in-situ precipitation of hard intermetallics/borides/carbides (M2B, MC, Laves phases) and grain-boundary strengthening from B segregation",12,False
2,3,45,37,"The search has heavily explored Co-Cr-Fe-Mo-Ni-Ti and Al-Cr-Fe-Ni-Mo regions near equimolar compositions, and is stuck near HV=750. The top compositions suggest that Cr+Fe+Mo combinations are highly e","Primary mechanisms: solid-solution hardening from large atomic size misfit (W, Mo, Ta, Nb, Si in FCC/BCC matrices), intermetallic precipitation (B2-NiAl, Laves, silicides), and carbide/boride dispersion hardening; secondary mechanism is lattice distortion from multi-principal element mixing.",12,False
2,3,48,40,"The search has converged on Co-Cr-Fe-Mo-Ni-Ti-Si space with moderate equimolar distributions, achieving ~750 HV. To escape this local optimum, we should explore intermetallic-forming and precipitation","Multiple complementary mechanisms targeted across candidates: (1) interstitial hardening via B and C forming hard borides/carbides at grain boundaries, (2) precipitation hardening via L12/B2 ordered phase formation in Al-Ni-Ti-rich systems, (3) solid-solution hardening with large atomic-size-mismatch refractory elements (Ta, Hf, Zr, W) in BCC matrices, and (4) combined oxide/nitride dispersion analogues via Si+Al in transition-metal matrices.",12,False
2,4,6,5,"The search has heavily sampled Co-Cr-Fe-Ni-based FCC regions and lightly explored refractory-rich compositions. The best result (HV=750) comes from a balanced 6-element alloy with Mo and Ti additions,","Primary: BCC solid-solution strengthening from refractory element misfit strains (Mo, W, Re, Ta, Nb) combined with precipitation hardening via intermetallic phases (B2-NiAl, L12-Ni3Al, Laves-type phases from Zr/Hf/Ta) and lattice distortion hardening in multi-principal-element BCC matrices.",12,False
2,4,9,8,"The search has been dominated by Co-Cr-Fe-Ni-based FCC alloys and simple refractory binary/ternary systems, neither of which is yielding HV above 750. The top compositions already hint that Mo, Ti, an","Severe lattice distortion solid-solution hardening in refractory BCC/dual-phase HEAs, supplemented by coherent B2/Laves/intermetallic nano-precipitate strengthening from Al-Ti-Zr ordering and W/Mo/Re misfit.",12,False
2,4,12,11,"The search has heavily explored Co-Cr-Fe-Ni-based FCC alloys and refractory Nb-Ti-Hf systems, both yielding diminishing returns. The current best (HV=750) is a 6-component equimolar Co-Cr-Fe-Mo-Ni-Ti ","Primary: BCC solid-solution strengthening from large atomic misfit refractory elements (W, Ta, Mo, Re) combined with B2/L21 ordered-phase precipitation hardening from Al-Ti-Zr additions; secondary: lattice distortion hardening from multi-component refractory mixing.",12,False
2,4,15,14,"The search has concentrated heavily on FCC-stabilizing element combinations (Co-Cr-Fe-Ni base) with moderate refractory additions, missing the high-hardness potential of refractory HEAs (RHEAs) and in","Primary mechanisms targeted: (1) solid-solution strengthening via large atomic size mismatch in refractory multi-principal element alloys (W, Ta, Mo, Re, Nb), (2) precipitation hardening via B2 (Al-Ni, Al-Co) and Laves-phase (Nb/Zr/Ti-based) intermetallics in as-cast microstructure, and (3) interstitial strengthening from carbon additions creating fine MC-type carbide networks.",12,False
2,4,18,17,"The search has focused heavily on Co-Cr, Al-Co, and equimolar FCC-type alloys with moderate refractory content, exhausting those regions. The top compositions all contain common FCC stabilizers (Co, N","BCC solid-solution strengthening from high-misfit refractory elements (W, Ta, Re, Mo), combined with ordered B2 precipitate hardening (Al-driven ordering) and in-situ intermetallic/carbide formation for dispersion hardening.",12,False
2,4,21,20,The search has converged around Co-Cr-Fe-Mo-Ni-Ti equimolar compositions and is repeatedly sampling similar FCC/BCC transition-metal spaces. The highest hardness compositions share Mo and transition m,"Primary mechanisms vary by candidate: refractory solid-solution strengthening (lattice distortion from large atomic size mismatch of W, Ta, Mo, Re), precipitation/intermetallic hardening (L12 or B2 phase formation via Al-Ni-Co-Cr interactions), and interstitial strengthening from C/B in refractory matrices.",12,False
2,4,24,23,"The search has heavily explored Co-Cr and Al-Co FCC/BCC regions and refractory Mo-Nb-W combinations, but has not systematically explored intermetallic-forming compositions with strong precipitation ha","Combined precipitation hardening (L12 γ', B2, and/or carbide/boride precipitates) with solid-solution strengthening from large atomic-misfit refractory elements (Ta, W, Mo, Hf, Re), targeting high lattice distortion and phase boundary pinning in as-cast microstructures.",12,False
2,4,27,26,"The search has heavily explored Co-Cr FCC-based alloys and refractory Mo-Nb-W BCC alloys, both yielding plateaus near 700-750 HV. The best results combine transition metals with solid-solution strengt","Primarily precipitation hardening from in-situ boride/silicide hard phases combined with severe lattice distortion solid-solution strengthening in BCC/dual-phase matrices; secondary contribution from intermetallic (B2, Laves) precipitation in Al-Ti-Nb-Ta systems",12,False
2,4,30,29,"The search has heavily sampled Co-Cr, Al-Co, and Mo-Nb base systems, converging around the 700-750 HV plateau. The top compositions share a common motif of moderate Mo/W with Co-Cr-Fe, but have not ex",Primary: solid-solution hardening via large atomic size mismatch (δ > 5%) combined with intermetallic/boride/carbide precipitation hardening; secondary: valence electron concentration tuning to favor BCC structure with high Peierls stress.,12,False
2,4,33,32,"The search has saturated the Co-Cr-Fe-Mo-Ni-Ti composition space around equimolar or near-equimolar configurations, which all share similar FCC/BCC mixed-phase microstructures. Two largely unexplored ","Primary: multi-mechanism hardening combining solid-solution strengthening (from high-misfit refractory elements W, Ta, Mo, V, Nb) with precipitation hardening (B2-AlNi/AlCo, Laves Cr2Nb, or carbide/boride dispersoids from B and C additions), plus lattice distortion from large atomic size mismatch.",12,False
2,4,36,35,"The search has converged around Co-Cr-Fe-Mo-Ni-Ti equimolar/near-equimolar compositions and has not explored refractory-rich HEAs with strong solid-solution hardening from high-misfit elements like W,","Combined solid-solution lattice-distortion hardening (high atomic-size and modulus mismatch among refractory elements), interstitial/substitutional hardening from B/Si/C additions, and precipitation/phase-boundary hardening from Laves, omega, or sigma phases forming in as-cast microstructures.",12,False
2,4,39,38,"The search has heavily sampled Co-Cr and Al-Co regions and their close neighbors, converging on moderate-hardness FCC/BCC mixed alloys near HV 750. The unexplored high-potential region involves refrac","Severe lattice distortion solid-solution strengthening in refractory HEAs combined with precipitation of ordered B2 or Laves intermetallic phases, expected to push HV well above 800 in as-cast condition.",12,False
2,4,42,41,The search has exhausted Co-Cr and Al-Co dominated regions and conventional FCC/BCC solid-solution spaces. The top compositions all share moderate Mo content for solid-solution hardening but have not ,"Refractory BCC solid-solution hardening (large atomic size mismatch of W, Ta, Nb, V, Mo) combined with intermetallic precipitation (B2-NiAl or Laves phases) and carbide/boride particle dispersion strengthening",12,False
2,4,45,44,"The search has converged on Co-Cr and Al-Co FCC/BCC dual-phase regions achieving ~750 HV. Untapped regions include refractory-element-rich compositions with intermetallic precipitation (Laves phases, ","Synergistic solid-solution strengthening (large atomic-size misfit from W, Ta, Re, Hf, Zr) combined with Laves-phase and B2-ordered intermetallic precipitation hardening, plus grain-boundary pinning by Si-rich phases in as-cast microstructures.",12,False
2,4,48,47,The search has converged around Co-Cr-Fe-Mo-Ni-Ti equimolar or near-equimolar compositions and is stuck near HV~750. Unexplored regions include boride/carbide-forming HEAs with B or C as interstitial ,"Interstitial hardening via B/C addition forming hard boride/carbide precipitates, combined with severe lattice distortion solid-solution strengthening from large atomic-size-mismatch refractory elements (W, Ta, Hf, Zr) in a BCC matrix.",12,False
2,5,9,1,"The search has converged around Co-Cr-Fe-Mo-Ni-Ti/Al systems with moderate equimolar-ish compositions yielding ~750 HV. To escape this plateau, we should explore refractory-element-rich HEAs (W, Ta, M","Solid-solution strengthening from large atomic size mismatch (δ > 5%) combined with refractory element lattice distortion, supplemented by intermetallic precipitation hardening (e.g., Laves phases, silicides, borides) in compositions containing Si, B, or Zr.",12,False
2,5,12,4,"The search has converged around Co-Cr-Fe-Mo-Ni-Ti and Al-Cr-Fe-Mo-Ni-Ti clusters with equimolar-ish distributions, achieving ~750 HV. To escape this plateau, we should explore refractory-element-rich ","Lattice distortion / solid-solution strengthening from large atomic size mismatch among refractory elements (W, Ta, Mo, Nb, Re, Hf), supplemented by intermetallic precipitation (Laves, σ, B2 phases) driven by Al, Si, and B additions.",12,False
2,5,15,7,"The search has converged around Co-Cr-Fe-Mo-Ni-Ti-Al equimolar-ish alloys achieving ~750 HV, suggesting a local optimum in the FCC/BCC transition region. To escape stagnation, we should explore refrac","Primary: solid-solution strengthening from large atomic size misfit in refractory BCC matrices (W, Mo, Ta, Nb) combined with interstitial hardening (B, C, Si) and precipitation of hard intermetallic phases (Laves, sigma, boride/carbide precipitates)",12,False
2,5,18,10,The search has converged on Co-Cr-Fe-Mo-Ni-Ti equimolar-like compositions (~750 HV) and is cycling through minor variants. Unexplored high-potential regions include: (1) boride/carbide-forming HEAs wi,"Multi-mechanism: solid-solution hardening from large atomic-size mismatch (refractory elements), precipitation/intermetallic hardening from B2/L12 ordered phases (Al-Ti-Nb-V), and hard boride/carbide dispersion strengthening (B and C additions) — all expected to synergistically exceed the current 750 HV ceiling.",12,False
2,5,21,13,"The search has converged around Co-Cr-Fe-Ni-based alloys with Mo/Ti additions (~750 HV), and exhausted refractory Mo-Nb-W systems. To break out, we should target three underexplored mechanisms: (1) in","Primary mechanisms vary by candidate group: L12/B2 ordered intermetallic precipitation hardening (Al-Ni-Ti-Zr group), boride/carbide dispersion strengthening (B/C-containing refractory group), and solid-solution + BCC lattice distortion hardening (heavy refractory Ta-W-Hf group).",12,False
2,5,24,16,"The search has heavily explored Co-Cr-Fe-Ni-Mo-Ti and Al-Cr-Fe-Ni-Mo spaces, converging near 750 HV without breakthrough. The refractory-heavy compositions (Mo-Nb-W-Re-Ta-C) plateaued around 640 HV. A","Primary: precipitation hardening via B2 (Al-Ni, Al-Co) or L12 ordered phase formation combined with solid-solution strengthening from refractory elements (W, Mo, Ta) and lattice distortion hardening from large-misfit elements (Hf, Zr); secondary: interstitial hardening from B addition",12,False
2,5,27,19,"The search has converged on Co-Cr-Fe-Mo-Ni-Ti and Al-Cr-Fe-Ni-Mo systems near equimolar fractions, yielding ~750 HV. To escape this basin, we should explore regions with strong intermetallic precipita","Multi-mechanism hardening: (1) L12 Ni3Al/Co3(Al,Ti) coherent precipitation in FCC matrix for precipitation hardening, (2) large atomic size misfit solid-solution hardening from W, Ta, Hf additions, (3) B2-ordered Al-Ni/Al-Co intermetallic dispersion, and (4) boride/carbide nanodispersion hardening in compositions containing B or C.",12,False
2,5,30,22,"The search has converged around Co-Cr-Fe-Mo-Ni-Ti and Al-Cr-Fe-Ni-Mo-Ti equimolar/near-equimolar regions, exhausting the FCC/BCC transition space accessible by those elements. To escape, we should exp","Primary mechanisms targeted: (1) BCC solid-solution hardening with severe lattice distortion from high atomic-size-mismatch elements (Hf, Zr, Ta, W, Mo, Re, Nb); (2) intermetallic/Laves-phase precipitation (Al-Ni, Al-Ti forming B2/L1₂ precipitates in BCC matrix); (3) boride and carbide nanoprecipitate strengthening (B and C in refractory BCC matrices); (4) multi-phase composite hardening (BCC + silicide via Si additions).",12,False
2,5,33,25,"The search has converged around Co-Cr-Fe-Mo-Ni-Ti equimolar and Al-Cr-Fe-Ni-Ti-Mo variants, both yielding ~750 HV through solid-solution strengthening in FCC/BCC duplex matrices. Unexplored high-poten","Primary mechanisms vary by group: (1) precipitation hardening via in-situ boride/carbide nano-precipitates in an HEA matrix, (2) BCC solid-solution strengthening with severe lattice distortion from size-mismatched refractory elements, (3) ordered B2/L12 precipitate strengthening from Al-Ti-Nb driving intermetallic phase formation.",12,False
2,5,36,28,"The search has saturated the Co-Cr-Fe-Mo-Ni-Ti-Al compositional space, which dominates the top results. The optimization is stuck near HV~750 because it keeps revisiting permutations of the same FCC/B","Primary mechanisms targeted: (1) interstitial/covalent hardening via B and C additions forming hard borides/carbides in situ; (2) solid-solution hardening combined with BCC/B2 precipitation in Al-rich refractory matrices; (3) Laves-phase and sigma-phase precipitation hardening in Cr-Co-Fe-Si/Hf systems; (4) lattice distortion strengthening in high-misfit multi-principal refractory alloys with Ta, W, V.",12,False
2,5,39,31,The search has converged around Co-Cr-Fe-Mo-Ni-Ti and Al-Cr-Fe-Ni-Mo systems achieving ~750 HV through solid-solution strengthening. Two underexplored regions stand out: (1) refractory-rich compositio,"Precipitation hardening via intermetallic phases (Laves, sigma, B2, L12) combined with solid-solution strengthening from refractory elements with large atomic size mismatch; secondary mechanism involves hard boride/carbide dispersoids for some candidates.",12,False
2,5,42,34,"The search has heavily explored Co-Cr, Al-Cr, Al-Co, and Mo-Nb based compositions near equimolar ratios, achieving a ceiling around 750 HV. To escape stagnation, we should target two underexplored mec","Primary mechanisms: solid-solution strengthening from large atomic-size misfit (Re, Hf, Zr, Ta in BCC/FCC matrices), precipitation hardening via L12-Ni3Al or B2-NiAl intermetallics, and covalent-bond hardening from Si and B additions forming hard silicide/boride nanoprecipitates.",12,False
2,5,45,37,"The search has converged on Co-Cr-Fe-Mo-Ni-Ti and Al-Cr-Fe-Ni-Mo systems with equimolar-like distributions, achieving ~750 HV. These regions are exhausted. New exploration should target refractory-dom","Combined solid-solution strengthening from high-misfit refractory elements (W, Mo, Ta, Re) with precipitation hardening via B2-ordered phases (Al-Ni, Al-Co), silicide/boride dispersoids (Mo5Si3, TaSi2, NbB2), and carbide formation (TiC, NbC) acting as hard second-phase particles in as-cast microstructures.",12,False
2,5,48,40,"The search has converged on Co-Cr-Fe-Mo-Ni-Ti and Al-Cr-Fe-Ni-Mo families (~750 HV), but has not seriously explored boride/carbide-forming refractory-HEA hybrids or W/Ta-rich compositions with strong ","Primary: interstitial/precipitation hardening via in-situ carbide and boride formation (MC, M2B, M6C types) combined with solid-solution strengthening from high atomic-size and modulus mismatch in refractory HEA matrices; secondary: grain refinement from refractory carbide/boride pinning of grain boundaries.",12,False
2,6,6,5,"The search has converged around Co-Cr-Fe-Mo-Ni-Al-Ti equimolar or near-equimolar FCC/BCC solid solutions yielding ~730-750 HV. To escape this plateau, we should explore refractory-element-dominant com","Primary mechanisms: (1) refractory solid-solution strengthening via large atomic-size misfit (W, Ta, Re in BCC matrix), (2) ordered precipitate hardening (B2-AlNi, L12-Al3Ti, or Laves phases) from Al/Ti additions to refractory matrices, (3) interstitial/covalent hardening via B or Si additions forming hard boride/silicide phases in situ during casting.",12,False
2,6,9,8,"The search has converged around Co-Cr-Fe-Mo-Ni-Ti-Al systems with moderate Mo content, achieving ~750 HV but unable to break through. Refractory HEA systems based on W, Ta, Nb, Re, and Hf are largely ","Solid-solution strengthening from large lattice distortion (refractory elements W, Ta, Re, Nb, Hf with large atomic radii differences) combined with precipitation of hard intermetallic or carbide/boride phases in Al/B/Si-containing systems.",12,False
2,6,12,11,"The search has converged on Co-Cr-Fe-Mo-Ni-Ti equimolar-ish regions with HV ~750, exhausting incremental variants. New regions should exploit (1) refractory HEAs based on Mo-Nb-Ta-W-Ti/Zr with interme",Primary mechanisms vary by candidate group: (1) solid-solution strengthening + intermetallic precipitation (Laves/μ-phases) in refractory Mo-Nb-Ta-W systems; (2) interstitial hardening and boride/carbide dispersoid strengthening from B/C additions; (3) B2/L12 precipitation hardening plus large lattice-distortion solid-solution hardening from Al+Ta/W/Hf combinations.,12,False
2,6,15,14,"The search has converged on Co-Cr-Fe-Mo-Ni-Al-Ti compositional space, consistently returning HV ~720-750 without breakthrough. Refractory HEAs (RHEAs) containing W, Ta, Nb, Mo, Re, Hf, and Zr are well","Solid-solution strengthening from large atomic size mismatch among refractory elements (W, Ta, Mo, Nb, Re, Hf, Zr), augmented by precipitation hardening from intermetallic/carbide/boride phases when C, B, or Si are included, and Hall-Petch refinement from interstitial elements suppressing grain growth during casting.",12,False
2,6,18,17,"The search has converged on Co-Cr-Fe-Mo-Ni-Ti-Al systems around equimolar or near-equimolar ratios, all relying on solid-solution strengthening in FCC-dominant phases. To escape this basin, we should ","BCC solid-solution hardening plus precipitation of intermetallic phases (Laves, B2, and/or refractory carbide/boride precipitates) from high lattice-misfit refractory elements (W, Ta, Hf, Nb, Mo, Zr) providing extreme resistance to dislocation motion.",12,False
2,6,21,20,"The search has been dominated by FCC-forming Co-Cr-Fe-Ni-based alloys and Mo-Nb refractory combinations, both of which have plateaued near 750 HV. To break out, we should explore refractory HEA system","Primary: solid-solution strengthening from large atomic-size mismatch in refractory BCC lattices, augmented by ordered B2 precipitate hardening (Al-driven) and/or hard Laves/silicide secondary phases (Si, Hf, Zr additions); secondary: lattice-distortion hardening from W and Re in heavy refractory matrices.",12,False
2,6,24,23,"The search has been stuck around HV~750 in Co-Cr-Fe-Mo-Ni-Ti and Al-Cr-Fe-Ni-Ti-Mo compositional spaces, and recent explorations of refractory-heavy (Mo-Nb-Ta-W-Hf) and Cu/B-containing alloys yielded ","Primary: precipitation hardening via L12-γ' (Al-Ni-Co based) or B2 (Al-Ni, Al-Co) ordered phase formation, combined with solid-solution hardening from oversized solutes (W, Re, Hf, Zr, Ta) with large atomic radius mismatch and high shear modulus in the FCC/BCC matrix.",12,False
2,6,27,26,The search has saturated the Co-Cr-Fe-Ni-Al-Mo-Ti phase space around 750 HV without breaking through. The top compositions are all near-equimolar FCC-type alloys with moderate solid-solution strengthe,"Multi-mechanism hardening: (1) BCC solid-solution lattice distortion from large atomic-size-mismatch elements (W, Re, Ta, Mo), (2) precipitation of intermetallic or silicide/boride phases (Cr2B, Mo5Si3, Ni3Al), and (3) covalent character from B, C, Si additions increasing intrinsic lattice resistance (Peierls stress).",12,False
2,6,30,29,"The search has saturated the Co-Cr-Fe-Ni-Mo-Ti-Al compositional space, which all top compositions draw from. The stagnation reflects over-exploitation of FCC/BCC multiphase alloys in the 3d-transition","Combined precipitation hardening (intermetallic L12/B2 precipitates, borides, and carbides) plus solid-solution hardening from large atomic-size-mismatch elements (Zr, Hf, Ta, Re), targeting HV > 800",12,False
2,6,33,32,"The search has converged on Co-Cr-Fe-Ni-based alloys with Al/Mo/Ti additions (~750 HV), and recent queries into refractory HEAs (Mo-Nb-W-Ta-Re) and Hf/Zr-containing systems have not broken through. Tw","Intermetallic precipitation hardening (sigma/Laves/boride phases) combined with solid-solution strengthening from high lattice misfit elements (W, V, B, Si, C additions to transition-metal matrices)",12,False
2,6,36,35,The search has converged around Co-Cr-Fe-Mo-Ni-Ti and Al-Cr-Fe-Ni-Ti-Mo equiatomic/near-equiatomic compositions. Unexplored regions include refractory-element-lean compositions with strong solid-solut,"Combined solid-solution strengthening (large atomic-size mismatch), precipitation of intermetallics (Laves, L12, borides, silicides), and grain refinement from boride/carbide nucleants",12,False
2,6,39,38,"The search has converged around Co-Cr-Fe-Mo-Ni-Ti and Al-Cr-Fe-Ni-Mo systems with moderate Mo/W additions, all yielding 730-750 HV. The unexplored high-potential region combines strong intermetallic/p","Primary mechanisms vary by group: (1) L12 and B2 precipitation hardening in Al-Ti-Nb-Ni/Co systems, (2) BCC solid-solution strengthening with interstitial hardening (B, C) in refractory-rich matrices, (3) carbide/boride dispersion hardening in Cr-W-Mo matrices, and (4) lattice-distortion solid-solution hardening in equiatomic multi-refractory BCC alloys with Ti/Zr additions.",12,False
2,6,42,41,"The search has converged around Co-Cr-Fe-Ni-Mo-Ti and Al-Cr-Fe-Ni-Mo systems achieving ~750 HV, but has not explored intermetallic-forming compositions with heavy refractory elements combined with str","Multi-mechanism: carbide precipitation hardening (MC/M6C), L12 intermetallic (γ') precipitation, and severe lattice distortion solid-solution hardening in BCC/dual-phase matrices",12,False
2,6,45,44,The search has converged around Co-Cr-Fe-Mo-Ni-Ti equimolar-like compositions and cannot escape the ~750 HV plateau via local perturbations. The top compositions suggest that transition-metal carbides,"Primary: precipitation/dispersion hardening from refractory borides (TaB2, MoB, CrB2), coherent L12 intermetallics (Ni3Al, Co3Ti), and refractory silicides (Mo5Si3, Cr3Si), supplemented by severe lattice distortion (atomic-size misfit) in multi-principal-element BCC matrices.",12,False
2,6,48,47,"The search has heavily saturated the Co-Cr-Fe-Mo-Ni-Ti design space with equimolar or near-equimolar compositions, which are yielding diminishing returns around HV 730-750. The optimization has not ad",Primary mechanisms vary by region: (1) B2 intermetallic precipitation + BCC solid-solution hardening for Al-rich refractory alloys; (2) carbide/boride dispersion hardening + refractory solid-solution strengthening for W-Mo-Ta-C/B alloys; (3) omega-phase precipitation + solid-solution hardening for Ti-Nb-V-Zr alloys.,12,False
